Refcode,largest_cavity_diameter,pore_limiting_diameter,largest_included_sphere_along_free_sphere_path,Unitcell_volume,Density_g/cm3,ASA_m^2/cm^3,ASA_m^2/g,NASA_m^2/cm^3,NASA_m^2/g,POAV_A^3,POAV_Volume_fraction,POAV_cm^3/g,PONAV_A^3,PONAV_Volume_fraction,PONAV_cm^3/g
ACAZAG,1.82118,0.98717,1.82118,590.006,2.79049,0.0,0.0,0.0,0.0,0.0,0.0,0.0,0.0,0.0,0.0
AQAWAQ01,2.97729,2.32379,2.97312,795.27,2.03789,0.0,0.0,147.013,72.1399,0.0,0.0,0.0,82.8671,0.1042,0.0511313
ACAZEK,1.67291,0.95578,1.30678,798.786,3.62252,0.0,0.0,0.0,0.0,0.0,0.0,0.0,0.0,0.0,0.0
BEQRUM,2.90225,1.48863,2.87381,881.668,1.69979,0.0,0.0,42.4733,24.9873,0.0,0.0,0.0,18.8501,0.02138,0.012578
AREWOK,2.53021,1.54598,2.27868,3387.38,1.63628,0.0,0.0,0.0,0.0,0.0,0.0,0.0,0.0,0.0,0.0
BECQAD,3.21316,1.01417,3.21316,762.626,1.96676,0.0,0.0,81.168,41.2698,0.0,0.0,0.0,29.7424,0.039,0.0198295
AMUTEI,3.01929,1.69959,3.00825,2094.24,1.54999,0.0,0.0,41.7733,26.9508,0.0,0.0,0.0,44.7749,0.02138,0.0137937
AQAWAQ,3.1357,2.38321,3.1357,791.076,2.04869,0.0,0.0,180.123,87.921,0.0,0.0,0.0,88.1733,0.11146,0.0544054
AMBZAG10,2.32181,1.18814,2.31351,1504.81,2.15399,0.0,0.0,0.0,0.0,0.0,0.0,0.0,0.0,0.0,0.0
AXIXAJ,3.81123,3.43961,3.8005,1491.7,1.91493,789.284,412.173,0.0,0.0,237.897,0.15948,0.0832822,0.0,0.0,0.0
AHOHAJ,2.75876,1.23046,2.63767,3368.79,1.69665,0.0,0.0,0.974951,0.574632,0.0,0.0,0.0,0.0,0.0,0.0
AWEJAO,1.6897,1.04561,1.68885,1022.94,3.14244,0.0,0.0,0.0,0.0,0.0,0.0,0.0,0.0,0.0,0.0
AWUYIC,2.07745,1.15015,2.07745,1776.69,1.80608,0.0,0.0,0.0,0.0,0.0,0.0,0.0,0.0,0.0,0.0
AGPYRZ02,1.79777,0.84644,1.60778,315.476,2.6314,0.0,0.0,0.0,0.0,0.0,0.0,0.0,0.0,0.0,0.0
AQAVIX,4.45412,3.62483,4.45302,1491.18,2.24943,2019.1,897.604,0.0,0.0,588.868,0.3949,0.175556,0.0,0.0,0.0
DAQSOD01,1.35834,0.70691,1.34936,915.324,3.04658,0.0,0.0,0.0,0.0,0.0,0.0,0.0,0.0,0.0,0.0
DEFFEC01,2.73775,1.96536,2.73199,1382.2,2.06664,0.0,0.0,4.63486,2.2427,0.0,0.0,0.0,0.0,0.0,0.0
DAQSOD,1.40395,0.73376,1.19242,926.827,3.00876,0.0,0.0,0.0,0.0,0.0,0.0,0.0,0.0,0.0,0.0
DAPJUB,2.71973,1.54403,2.71973,1053.01,1.88041,0.0,0.0,2.68111,1.42581,0.0,0.0,0.0,0.0,0.0,0.0
DAFVAK,2.03314,0.93345,1.79512,849.361,1.95909,0.0,0.0,0.0,0.0,0.0,0.0,0.0,0.0,0.0,0.0
DEFFEC,2.85633,2.04406,2.84878,1407.22,2.0299,0.0,0.0,23.9612,11.8041,0.0,0.0,0.0,12.7213,0.00904,0.00445342
DONHAR,1.98867,1.05728,1.86989,1980.82,1.81154,0.0,0.0,0.0,0.0,0.0,0.0,0.0,0.0,0.0,0.0
DOPTIM,2.12099,1.1843,1.75764,843.153,2.41386,0.0,0.0,0.0,0.0,0.0,0.0,0.0,0.0,0.0,0.0
DILGIP,1.93848,1.1837,1.70072,966.335,2.08993,0.0,0.0,0.0,0.0,0.0,0.0,0.0,0.0,0.0,0.0
EJUJAW,2.39166,1.71936,2.38821,904.096,1.9029,0.0,0.0,0.0,0.0,0.0,0.0,0.0,0.0,0.0,0.0
EKUZOC,1.97475,1.14344,1.97475,2345.94,2.62696,0.0,0.0,0.0,0.0,0.0,0.0,0.0,0.0,0.0,0.0
EQOKAW,3.26839,2.82122,3.26839,3057.79,1.70781,139.278,81.554,9.68403,5.67045,144.206,0.04716,0.0276144,0.0,0.0,0.0
DOMHAR,2.12842,0.85718,1.95338,449.748,2.26024,0.0,0.0,0.0,0.0,0.0,0.0,0.0,0.0,0.0,0.0
GUJFAS,2.13717,0.8902,2.13717,244.355,2.6639,0.0,0.0,0.0,0.0,0.0,0.0,0.0,0.0,0.0,0.0
GIKPUM,2.4069,1.02517,2.39848,1213.65,1.97101,0.0,0.0,0.0,0.0,0.0,0.0,0.0,0.0,0.0,0.0
FUHNON,1.82153,0.87303,1.67584,1356.95,2.98988,0.0,0.0,0.0,0.0,0.0,0.0,0.0,0.0,0.0,0.0
GISMEC,1.52343,0.9755,1.52343,912.99,2.28459,0.0,0.0,0.0,0.0,0.0,0.0,0.0,0.0,0.0,0.0
GOVRUG,2.72532,1.07928,2.72532,1415.0,1.95835,0.0,0.0,6.00283,3.06525,0.0,0.0,0.0,0.0,0.0,0.0
FUHPAB,1.92335,0.95329,1.9193,487.556,2.86693,0.0,0.0,0.0,0.0,0.0,0.0,0.0,0.0,0.0,0.0
FEVGIZ,2.40228,1.49236,2.36806,764.458,2.12003,0.0,0.0,0.0,0.0,0.0,0.0,0.0,0.0,0.0,0.0
GUJFEW,2.12048,1.09588,2.12048,538.491,2.50415,0.0,0.0,0.0,0.0,0.0,0.0,0.0,0.0,0.0,0.0
HACWOY,2.40873,1.05159,2.39205,1955.64,1.81172,0.0,0.0,0.0,0.0,0.0,0.0,0.0,0.0,0.0,0.0
IWOLOV,1.30856,0.78582,1.30856,206.671,2.89151,0.0,0.0,0.0,0.0,0.0,0.0,0.0,0.0,0.0,0.0
HOQFAU01,1.38521,0.82658,1.37901,296.819,2.61779,0.0,0.0,0.0,0.0,0.0,0.0,0.0,0.0,0.0,0.0
IFUXIQ,2.62457,1.39997,2.35372,1405.45,1.54068,0.0,0.0,0.0,0.0,0.0,0.0,0.0,0.0,0.0,0.0
IYEPOR,2.93979,1.51482,2.74465,1999.03,1.7226,0.0,0.0,27.6317,16.0407,0.0,0.0,0.0,30.5451,0.01528,0.00887032
HUJZIW,2.21234,1.29981,2.21029,1045.67,2.07782,0.0,0.0,0.0,0.0,0.0,0.0,0.0,0.0,0.0,0.0
IJOMAW,1.62872,0.74177,1.61866,1755.27,3.88026,0.0,0.0,0.0,0.0,0.0,0.0,0.0,0.0,0.0,0.0
HOQFAU,1.32885,0.8669,1.28154,613.102,2.53468,0.0,0.0,0.0,0.0,0.0,0.0,0.0,0.0,0.0,0.0
IHUPAE,2.60042,1.45209,2.60042,2557.15,1.48182,0.0,0.0,0.0,0.0,0.0,0.0,0.0,0.0,0.0,0.0
HUNZIZ,2.10312,1.20773,2.05877,1640.77,1.68472,0.0,0.0,0.0,0.0,0.0,0.0,0.0,0.0,0.0,0.0
KAWPEF,1.59269,1.05705,1.58525,1828.54,2.49233,0.0,0.0,0.0,0.0,0.0,0.0,0.0,0.0,0.0,0.0
LERDOD,3.20611,1.13749,2.95622,2925.61,1.8807,0.0,0.0,60.9805,32.4244,0.0,0.0,0.0,90.7525,0.03102,0.0164939
KIQHOH,2.16767,1.94531,2.1589,675.582,2.39893,0.0,0.0,0.0,0.0,0.0,0.0,0.0,0.0,0.0,0.0
KETPIJ,6.48447,1.6284,5.81779,4465.29,1.62136,0.0,0.0,1136.0,700.642,0.0,0.0,0.0,1102.39,0.24688,0.152267
KOBMIY,2.69755,1.45925,2.67359,8675.5,1.74609,0.0,0.0,0.132108,0.0756593,0.0,0.0,0.0,0.0,0.0,0.0
JAZJIE,5.24611,4.36953,5.24611,6988.86,1.69012,609.257,360.481,0.0,0.0,957.893,0.13706,0.0810947,0.0,0.0,0.0
KEQVOT,2.40696,1.29368,2.03637,1086.05,2.07362,0.0,0.0,0.0,0.0,0.0,0.0,0.0,0.0,0.0,0.0
JOCXEF,2.57267,1.25978,2.57224,1795.61,1.65438,0.0,0.0,0.0,0.0,0.0,0.0,0.0,0.0,0.0,0.0
KIQHOH01,2.06209,1.40374,2.04384,706.777,2.29305,0.0,0.0,0.0,0.0,0.0,0.0,0.0,0.0,0.0,0.0
NENRAB,1.55638,0.80564,1.53332,1215.04,3.31725,0.0,0.0,0.0,0.0,0.0,0.0,0.0,0.0,0.0,0.0
NORXAW,3.02407,1.15672,2.65349,2574.85,1.52564,0.0,0.0,13.1549,8.62256,0.0,0.0,0.0,25.4395,0.00988,0.00647599
MARXAF,2.76537,1.27027,2.76181,2078.98,1.75807,0.0,0.0,4.0373,2.29644,0.0,0.0,0.0,9.31385,0.00448,0.00254825
NEDHAI,2.71676,1.83743,2.68764,1711.19,1.88656,0.0,0.0,2.02892,1.07546,0.0,0.0,0.0,0.0,0.0,0.0
NIQHUT,1.91402,1.12191,1.91402,1115.65,1.33198,0.0,0.0,0.0,0.0,0.0,0.0,0.0,0.0,0.0,0.0
MEDLAK,2.54032,2.06517,2.54032,3858.38,2.74033,0.0,0.0,0.0,0.0,0.0,0.0,0.0,0.0,0.0,0.0
MEBLUA,3.53519,2.39278,3.19403,1322.5,1.74814,0.0,0.0,406.921,232.774,0.0,0.0,0.0,209.141,0.15814,0.0904621
OBECUT,2.43843,1.01198,2.41987,849.324,1.91281,0.0,0.0,0.0,0.0,0.0,0.0,0.0,0.0,0.0,0.0
OMUHOU,1.71018,0.98901,1.69368,1714.67,1.84504,0.0,0.0,0.0,0.0,0.0,0.0,0.0,0.0,0.0,0.0
PEXSEQ,7.72008,6.89837,7.68646,4450.68,0.963593,2024.02,2100.49,0.0,0.0,2433.27,0.54672,0.567377,0.0,0.0,0.0
OMUHIO,5.24675,4.70795,5.24675,1739.27,2.35309,1620.03,688.47,0.0,0.0,554.341,0.31872,0.135448,0.0,0.0,0.0
PAWXUJ,1.33631,0.93685,1.32408,608.387,2.55432,0.0,0.0,0.0,0.0,0.0,0.0,0.0,0.0,0.0,0.0
OMUHEK,1.74745,0.99273,1.73555,1725.16,1.83382,0.0,0.0,0.0,0.0,0.0,0.0,0.0,0.0,0.0,0.0
PAMBUB,2.05201,1.20887,2.03503,956.359,1.883,0.0,0.0,0.0,0.0,0.0,0.0,0.0,0.0,0.0,0.0
RINRIR,1.94231,0.78173,1.7231,892.139,2.38569,0.0,0.0,0.0,0.0,0.0,0.0,0.0,0.0,0.0,0.0
RIGDOC,2.9289,2.05461,2.9279,3026.98,2.68063,0.0,0.0,39.106,14.5884,0.0,0.0,0.0,67.6228,0.02234,0.00833388
POXNEW,1.66118,0.0,1.66118,4358.61,9.8444,0.0,0.0,0.0,0.0,0.0,0.0,0.0,0.0,0.0,0.0
TAJXIO,3.69263,3.45097,3.69262,5237.39,2.33323,322.98,138.426,0.0,0.0,424.019,0.08096,0.0346987,0.0,0.0,0.0
TINNEK,3.47975,1.21835,3.26985,4202.62,1.80553,0.0,0.0,92.1391,51.0316,0.0,0.0,0.0,142.385,0.03388,0.0187646
TEJYAI01,1.75256,1.00233,1.75006,2470.29,2.1192,0.0,0.0,0.0,0.0,0.0,0.0,0.0,0.0,0.0,0.0
TETHIJ,4.01345,2.85023,4.00564,1557.52,2.50817,686.634,273.758,0.0,0.0,272.97,0.17526,0.0698755,0.0,0.0,0.0
TEHXUC,2.12484,1.10132,2.12484,2777.4,1.76363,0.0,0.0,0.0,0.0,0.0,0.0,0.0,0.0,0.0,0.0
SELPIL,1.86295,0.95377,1.84263,1908.31,2.33225,0.0,0.0,0.0,0.0,0.0,0.0,0.0,0.0,0.0,0.0
SEHSAA,3.14641,1.6907,3.09662,6784.07,5.05337,0.0,0.0,34.0472,6.73752,0.0,0.0,0.0,82.0872,0.0121,0.00239444
TAJXIO02,3.66669,3.45698,3.66669,5267.81,2.31975,323.589,139.493,0.0,0.0,424.902,0.08066,0.0347709,0.0,0.0,0.0
TAJXIO03,3.62936,3.42106,3.62936,5230.85,2.33614,314.793,134.749,0.0,0.0,416.899,0.0797,0.034116,0.0,0.0,0.0
SODBOC,9.03753,8.88917,9.02814,1343.11,1.23615,1278.07,1033.91,0.0,0.0,701.021,0.52194,0.422229,0.0,0.0,0.0
SEQCEW,1.60315,1.04334,1.59473,919.834,2.00761,0.0,0.0,0.0,0.0,0.0,0.0,0.0,0.0,0.0,0.0
TOZGOE,2.01508,1.23409,2.01508,589.412,2.12463,0.0,0.0,0.0,0.0,0.0,0.0,0.0,0.0,0.0,0.0
TIWTEZ,1.83569,1.08625,1.83569,884.521,2.92793,0.0,0.0,0.0,0.0,0.0,0.0,0.0,0.0,0.0,0.0
TOZGOE01,1.66201,1.02142,1.59169,563.005,2.22428,0.0,0.0,0.0,0.0,0.0,0.0,0.0,0.0,0.0,0.0
TAJXIO04,3.63081,3.41863,3.61802,5226.15,2.33825,311.746,133.325,0.0,0.0,415.165,0.07944,0.0339742,0.0,0.0,0.0
SODDAQ,2.14122,1.0827,2.13026,1918.54,2.33363,0.0,0.0,0.0,0.0,0.0,0.0,0.0,0.0,0.0,0.0
TAYZIF,2.73092,1.0717,2.48595,1399.41,1.88943,0.0,0.0,2.02815,1.07342,0.0,0.0,0.0,9.3201,0.00666,0.00352486
SOCLUS,1.70049,0.96038,1.69173,1131.37,2.17303,0.0,0.0,0.0,0.0,0.0,0.0,0.0,0.0,0.0,0.0
TAJXIO01,3.69381,3.48019,3.69381,5294.9,2.30789,328.714,142.431,0.0,0.0,430.899,0.08138,0.0352617,0.0,0.0,0.0
VUSCER,1.9618,1.20311,1.95728,1059.56,3.20086,0.0,0.0,0.0,0.0,0.0,0.0,0.0,0.0,0.0,0.0
VOPWUT,2.51515,1.46004,2.51182,801.752,1.93609,0.0,0.0,0.0,0.0,0.0,0.0,0.0,0.0,0.0,0.0
UDIKAW,1.90257,1.22643,1.79428,1025.1,1.69511,0.0,0.0,0.0,0.0,0.0,0.0,0.0,0.0,0.0,0.0
VEMVAK,2.67349,1.9189,2.67276,1012.01,2.10751,0.0,0.0,0.0,0.0,0.0,0.0,0.0,0.0,0.0,0.0
VOYVAI,3.3424,1.59292,3.33703,637.302,1.85539,0.0,0.0,377.278,203.341,0.0,0.0,0.0,77.5341,0.12166,0.0655711
VEGMIG,3.80414,1.99939,3.59748,2463.26,1.87267,0.0,0.0,225.507,120.42,0.0,0.0,0.0,184.942,0.07508,0.0400926
UPUVEH,3.32935,1.69044,3.32513,1296.74,1.89601,0.0,0.0,140.774,74.2474,0.0,0.0,0.0,67.4307,0.052,0.027426
USODEN,3.8587,2.98325,3.8587,3198.71,1.56623,441.23,281.714,62.5229,39.9193,304.069,0.09506,0.0606934,70.6915,0.0221,0.0141103
UNAFOF,4.85541,3.22101,4.85541,4968.11,1.44617,797.735,551.62,0.0,0.0,862.364,0.17358,0.120028,0.0,0.0,0.0
VABQUL,2.10065,1.18192,2.08897,3062.25,1.7663,0.0,0.0,0.0,0.0,0.0,0.0,0.0,0.0,0.0,0.0
XANNEF,2.2029,1.48721,2.19341,1879.18,1.58521,0.0,0.0,0.0,0.0,0.0,0.0,0.0,0.0,0.0,0.0
XAMXIS,2.56541,1.41133,2.50932,1609.06,2.39432,0.0,0.0,0.0,0.0,0.0,0.0,0.0,0.0,0.0,0.0
WASQUD,2.23263,0.86835,2.23263,1012.01,2.16001,0.0,0.0,0.0,0.0,0.0,0.0,0.0,0.0,0.0,0.0
XIHBOG,1.87079,0.98909,1.85399,1021.49,1.7437,0.0,0.0,0.0,0.0,0.0,0.0,0.0,0.0,0.0,0.0
XOMFIP,2.20905,1.62682,2.19446,892.132,1.88808,0.0,0.0,0.0,0.0,0.0,0.0,0.0,0.0,0.0,0.0
XILSIU,1.80865,1.21346,1.80865,1051.42,2.30101,0.0,0.0,0.0,0.0,0.0,0.0,0.0,0.0,0.0,0.0
ZARGIL,1.90897,1.03409,1.81896,1367.67,2.12298,0.0,0.0,0.0,0.0,0.0,0.0,0.0,0.0,0.0,0.0
XUXWUJ,1.72532,0.84509,1.69768,1805.83,5.79815,0.0,0.0,0.0,0.0,0.0,0.0,0.0,0.0,0.0,0.0
XUYFOM,3.06301,1.43005,2.83561,2734.14,1.58394,0.0,0.0,16.9833,10.7222,0.0,0.0,0.0,35.0517,0.01282,0.00809374
YODGUT,1.99611,1.0125,1.90229,1455.73,1.83066,0.0,0.0,0.0,0.0,0.0,0.0,0.0,0.0,0.0,0.0
YITDUC,3.18399,2.44704,3.18399,1042.97,1.87258,0.0,0.0,208.74,111.472,0.0,0.0,0.0,90.6343,0.0869,0.0464067
XUXWOD,1.23919,0.46818,1.22881,1658.12,6.26244,0.0,0.0,0.0,0.0,0.0,0.0,0.0,0.0,0.0,0.0
YELNUY,1.49705,0.75489,1.48857,347.055,2.63119,0.0,0.0,0.0,0.0,0.0,0.0,0.0,0.0,0.0,0.0
GENRUO,1.97107,1.17403,1.55798,1461.75,2.32769,0.0,0.0,0.0,0.0,0.0,0.0,0.0,0.0,0.0,0.0
BEFJAA,4.77902,4.53228,4.77211,1257.98,2.29708,1220.15,531.172,0.0,0.0,335.127,0.2664,0.115973,0.0,0.0,0.0
TOXJOF,3.4668,2.42367,3.46629,1888.52,2.8991,0.0,0.0,325.979,112.441,0.0,0.0,0.0,198.068,0.10488,0.0361767
MUPZEE,2.30497,1.31489,2.30067,8140.27,1.96029,0.0,0.0,0.0,0.0,0.0,0.0,0.0,0.0,0.0,0.0
CADTUA,2.35372,1.27401,2.34684,867.241,1.68621,0.0,0.0,0.0,0.0,0.0,0.0,0.0,0.0,0.0,0.0
FAWQIF,2.15208,1.46533,2.15208,1933.02,1.64417,0.0,0.0,0.0,0.0,0.0,0.0,0.0,0.0,0.0,0.0
CUGROM,1.42872,0.73292,1.41572,551.325,2.26674,0.0,0.0,0.0,0.0,0.0,0.0,0.0,0.0,0.0,0.0
CATART04,2.83071,2.03893,2.83071,936.068,1.59072,0.0,0.0,13.189,8.29119,0.0,0.0,0.0,31.3208,0.03346,0.0210344
CATART08,2.82121,2.04973,2.82121,934.813,1.59286,0.0,0.0,12.9901,8.15523,0.0,0.0,0.0,28.7922,0.0308,0.0193363
EBEZAO,2.44126,1.40853,2.15405,1169.11,2.06992,0.0,0.0,0.0,0.0,0.0,0.0,0.0,0.0,0.0,0.0
ELOFAM,1.67644,0.97489,1.67644,789.87,1.74973,0.0,0.0,0.0,0.0,0.0,0.0,0.0,0.0,0.0,0.0
CAASCO04,2.03314,1.11227,1.90756,787.003,1.79911,0.0,0.0,0.0,0.0,0.0,0.0,0.0,0.0,0.0,0.0
CUGREC,1.63776,0.90099,1.44959,1127.31,2.21715,0.0,0.0,0.0,0.0,0.0,0.0,0.0,0.0,0.0,0.0
CATART03,2.68763,1.94864,2.68568,937.313,1.58861,0.0,0.0,1.31935,0.830506,0.0,0.0,0.0,0.0,0.0,0.0
ECOPUI,2.26404,1.50959,2.26404,1603.11,1.44339,0.0,0.0,0.0,0.0,0.0,0.0,0.0,0.0,0.0,0.0
CATART06,2.72824,1.9206,2.72643,920.972,1.6168,0.0,0.0,2.28927,1.41593,0.0,0.0,0.0,0.0,0.0,0.0
CADTUA01,2.12289,1.29234,2.12289,867.226,1.68623,0.0,0.0,0.0,0.0,0.0,0.0,0.0,0.0,0.0,0.0
ECOPUI01,2.25034,1.40136,2.14083,1593.31,1.45227,0.0,0.0,0.0,0.0,0.0,0.0,0.0,0.0,0.0,0.0
GADFOG01,2.38521,1.706,2.27459,3614.75,1.43126,0.0,0.0,0.0,0.0,0.0,0.0,0.0,0.0,0.0,0.0
CAHCIT01,2.77629,1.16535,2.64736,1045.36,1.69152,0.0,0.0,13.2992,7.8623,0.0,0.0,0.0,0.0,0.0,0.0
CEGWER,2.82044,1.62644,2.76854,1401.33,1.9732,0.0,0.0,28.483,14.4349,0.0,0.0,0.0,13.2846,0.00948,0.00480437
CUKGAT,4.29878,3.24234,4.27898,1961.43,1.40151,674.171,481.031,0.0,0.0,279.464,0.14248,0.101662,0.0,0.0,0.0
GIHWOJ01,1.88657,1.01174,1.83082,409.312,1.62473,0.0,0.0,0.0,0.0,0.0,0.0,0.0,0.0,0.0,0.0
CAASCO03,2.04456,1.12181,1.91677,790.965,1.7901,0.0,0.0,0.0,0.0,0.0,0.0,0.0,0.0,0.0,0.0
BISRUQ,3.42138,1.74238,3.39941,2726.17,1.57187,0.0,0.0,315.822,200.92,0.0,0.0,0.0,300.369,0.11018,0.0700946
CATART07,2.8183,2.03242,2.8183,936.31,1.59031,0.0,0.0,14.6578,9.21695,0.0,0.0,0.0,23.2579,0.02484,0.0156196
GADFOG,2.45472,1.86528,2.45472,1807.41,1.39419,0.0,0.0,0.0,0.0,0.0,0.0,0.0,0.0,0.0,0.0
CAGLIS11,2.07718,0.76918,2.07718,758.993,1.74314,0.0,0.0,0.0,0.0,0.0,0.0,0.0,0.0,0.0,0.0
ELOFOA,1.56174,0.98211,1.56174,1057.79,1.79716,0.0,0.0,0.0,0.0,0.0,0.0,0.0,0.0,0.0,0.0
GISVIN,6.73738,6.21,6.73738,890.629,0.90486,1850.69,2045.28,0.0,0.0,462.824,0.51966,0.574299,0.0,0.0,0.0
NIWLIQ,1.93787,1.19067,1.91843,980.838,1.81637,0.0,0.0,0.0,0.0,0.0,0.0,0.0,0.0,0.0,0.0
QUVGOE,4.45506,2.97678,4.45506,1242.63,1.68432,782.621,464.65,0.0,0.0,235.976,0.1899,0.112746,0.0,0.0,0.0
NOQNOY,4.85769,2.26863,4.70799,3513.64,1.51918,0.0,0.0,904.625,595.467,0.0,0.0,0.0,688.182,0.19586,0.128924
REZWIE,1.87117,1.12531,1.73839,508.317,1.62753,0.0,0.0,0.0,0.0,0.0,0.0,0.0,0.0,0.0,0.0
QQQAEA01,1.97765,1.06349,1.96743,1823.39,1.69172,0.0,0.0,0.0,0.0,0.0,0.0,0.0,0.0,0.0,0.0
IKOLOJ,1.70784,0.83888,1.25197,599.46,1.87412,0.0,0.0,0.0,0.0,0.0,0.0,0.0,0.0,0.0,0.0
MUCNOO03,2.09642,1.17158,2.09642,485.913,1.77845,0.0,0.0,0.0,0.0,0.0,0.0,0.0,0.0,0.0,0.0
MUCNOO01,2.0911,1.31833,2.0911,485.963,1.77827,0.0,0.0,0.0,0.0,0.0,0.0,0.0,0.0,0.0,0.0
JEYCIA,1.47199,0.81569,1.40803,1061.25,1.78009,0.0,0.0,0.0,0.0,0.0,0.0,0.0,0.0,0.0,0.0
ISEQIH,3.10928,2.44096,3.07692,947.062,1.87421,0.0,0.0,99.9615,53.3354,0.0,0.0,0.0,47.8456,0.05052,0.0269554
JAFWUI02,2.79123,1.59435,2.79123,1286.63,1.46732,0.0,0.0,12.5259,8.53664,0.0,0.0,0.0,31.8056,0.02472,0.0168471
NEBTIA,2.0968,1.29307,1.8843,1339.22,1.51931,0.0,0.0,0.0,0.0,0.0,0.0,0.0,0.0,0.0,0.0
OMARAV,2.3779,0.9693,2.24609,696.851,1.81273,0.0,0.0,0.0,0.0,0.0,0.0,0.0,0.0,0.0,0.0
QUTGES,3.96941,2.04138,3.95711,1951.61,1.33517,0.0,0.0,591.967,443.364,0.0,0.0,0.0,301.836,0.15466,0.115835
QOSXON,2.30304,1.60578,2.29761,577.551,1.49627,0.0,0.0,0.0,0.0,0.0,0.0,0.0,0.0,0.0,0.0
ICONIY,5.05322,4.52963,5.05322,1182.95,1.20843,1698.28,1405.36,0.0,0.0,413.253,0.34934,0.289087,0.0,0.0,0.0
PIJHAS,2.00948,0.88864,2.00948,950.466,1.90912,0.0,0.0,0.0,0.0,0.0,0.0,0.0,0.0,0.0,0.0
OTOWIG,2.38448,1.34083,2.32131,1837.29,1.47652,0.0,0.0,0.0,0.0,0.0,0.0,0.0,0.0,0.0,0.0
MUCNOO,2.05628,1.20661,2.04129,480.775,1.79745,0.0,0.0,0.0,0.0,0.0,0.0,0.0,0.0,0.0,0.0
NOQCED,1.93864,0.99053,1.77414,1515.18,1.77234,0.0,0.0,0.0,0.0,0.0,0.0,0.0,0.0,0.0,0.0
JAFWUI,2.74273,1.60842,2.74273,1292.34,1.46084,0.0,0.0,5.41215,3.70482,0.0,0.0,0.0,10.4163,0.00806,0.00551738
IZACEU,2.19129,1.70356,2.1571,1853.98,1.44539,0.0,0.0,0.0,0.0,0.0,0.0,0.0,0.0,0.0,0.0
VATTAM,1.61467,1.02659,1.51914,1881.26,2.0667,0.0,0.0,0.0,0.0,0.0,0.0,0.0,0.0,0.0,0.0
VUHWEA,2.68158,1.75358,2.65713,1204.07,1.52372,0.0,0.0,0.420888,0.276224,0.0,0.0,0.0,0.0,0.0,0.0
WUFSAT,3.89191,3.15385,3.89191,1830.67,1.22752,1340.02,1091.64,0.0,0.0,543.123,0.29668,0.24169,0.0,0.0,0.0
ZOMREA,1.81824,0.96339,1.50567,2374.47,2.71226,0.0,0.0,0.0,0.0,0.0,0.0,0.0,0.0,0.0,0.0
WUCBON,2.77027,1.39952,2.21852,2729.46,1.48096,0.0,0.0,6.02882,4.07088,0.0,0.0,0.0,0.0,0.0,0.0
UTUSUY,2.96862,1.58856,2.96862,2847.76,1.77914,0.0,0.0,40.6386,22.8417,0.0,0.0,0.0,48.9814,0.0172,0.0096676
RUKVIF,4.31768,3.43474,4.28788,1922.53,1.42987,610.587,427.024,0.0,0.0,256.773,0.13356,0.0934072,0.0,0.0,0.0
YIRFEN,2.66351,1.75739,2.66351,1753.08,1.63062,0.0,0.0,0.208167,0.127662,0.0,0.0,0.0,0.0,0.0,0.0
XEQMOV02,2.35596,1.02027,1.99631,1652.17,1.47296,0.0,0.0,0.0,0.0,0.0,0.0,0.0,0.0,0.0,0.0
XEQMOV,2.34557,1.01373,1.98802,1643.23,1.48097,0.0,0.0,0.0,0.0,0.0,0.0,0.0,0.0,0.0,0.0
TECSOJ,5.14487,4.42437,4.83942,479.399,0.901306,2542.99,2821.45,0.0,0.0,234.11,0.48834,0.541814,0.0,0.0,0.0
VECCUC,1.67129,0.74295,1.52573,532.925,2.92304,0.0,0.0,0.0,0.0,0.0,0.0,0.0,0.0,0.0,0.0
PIRSUG,1.90777,0.7753,1.90284,1039.21,3.28152,0.0,0.0,0.0,0.0,0.0,0.0,0.0,0.0,0.0,0.0
MOJTUC,3.81706,1.57941,3.79985,2968.79,2.11025,0.0,0.0,422.433,200.182,0.0,0.0,0.0,352.692,0.1188,0.0562967
SOHYIZ,1.62371,0.63899,1.62371,892.536,2.41077,0.0,0.0,0.0,0.0,0.0,0.0,0.0,0.0,0.0,0.0
CEGPOU,1.97786,0.81383,1.97786,1632.8,2.48903,0.0,0.0,0.0,0.0,0.0,0.0,0.0,0.0,0.0,0.0
SOHYEV,1.50333,0.86499,1.50333,347.091,2.70775,0.0,0.0,0.0,0.0,0.0,0.0,0.0,0.0,0.0,0.0
OCORIK01,1.87145,1.37484,1.87145,927.169,2.32125,0.0,0.0,0.0,0.0,0.0,0.0,0.0,0.0,0.0,0.0
JILVUW,2.4713,1.14427,2.46442,4978.29,1.57193,0.0,0.0,0.0,0.0,0.0,0.0,0.0,0.0,0.0,0.0
BOXDID,1.92877,1.00899,1.92877,696.804,2.74461,0.0,0.0,0.0,0.0,0.0,0.0,0.0,0.0,0.0,0.0
NUMSIX,2.73015,1.31474,2.73015,1828.81,1.38874,0.0,0.0,1.79592,1.2932,0.0,0.0,0.0,0.0,0.0,0.0
UHOSUG,1.5752,0.7006,1.56613,1048.92,3.33603,0.0,0.0,0.0,0.0,0.0,0.0,0.0,0.0,0.0,0.0
OCUMUU01,2.43678,0.9487,2.43678,907.139,1.82369,0.0,0.0,0.0,0.0,0.0,0.0,0.0,0.0,0.0,0.0
XAHZIQ,2.02077,0.73351,2.01783,716.829,2.61286,0.0,0.0,0.0,0.0,0.0,0.0,0.0,0.0,0.0,0.0
GOTYIZ,2.01788,1.0159,1.99382,1028.9,1.81507,0.0,0.0,0.0,0.0,0.0,0.0,0.0,0.0,0.0,0.0
KUZHEU,2.18403,0.90471,2.18403,468.116,2.25953,0.0,0.0,0.0,0.0,0.0,0.0,0.0,0.0,0.0,0.0
XIDCET,2.47389,1.09878,2.47239,1523.76,1.88418,0.0,0.0,0.0,0.0,0.0,0.0,0.0,0.0,0.0,0.0
WERHOR,1.56592,1.20231,1.56592,511.228,2.81896,0.0,0.0,0.0,0.0,0.0,0.0,0.0,0.0,0.0,0.0
FUXBUX,4.31898,1.81533,4.31898,1240.65,1.56924,0.0,0.0,560.037,356.884,0.0,0.0,0.0,159.151,0.12828,0.0817465
JAMTIB,2.54716,1.13916,2.54716,7118.59,2.20944,0.0,0.0,0.0,0.0,0.0,0.0,0.0,0.0,0.0,0.0
PIRTAN,1.71264,0.90411,1.69368,910.806,2.32261,0.0,0.0,0.0,0.0,0.0,0.0,0.0,0.0,0.0,0.0
GOTYUL,2.43343,1.10566,2.43228,925.933,1.88753,0.0,0.0,0.0,0.0,0.0,0.0,0.0,0.0,0.0,0.0
KUZSIJ,2.27784,1.35015,1.91208,871.506,1.94213,0.0,0.0,0.0,0.0,0.0,0.0,0.0,0.0,0.0,0.0
YAPREQ,3.03857,1.27747,3.03857,3579.39,1.70073,0.0,0.0,31.0284,18.2442,0.0,0.0,0.0,41.6641,0.01164,0.00684413
POQGIO,2.06188,1.03668,1.65109,491.963,2.21457,0.0,0.0,0.0,0.0,0.0,0.0,0.0,0.0,0.0,0.0
OCORIK,1.88373,1.37641,1.88373,927.169,2.32125,0.0,0.0,0.0,0.0,0.0,0.0,0.0,0.0,0.0,0.0
MEYHAZ,2.2527,1.1531,2.0017,627.881,2.11611,0.0,0.0,0.0,0.0,0.0,0.0,0.0,0.0,0.0,0.0
FUXBIL,2.69651,1.39161,2.52149,1039.2,1.68519,0.0,0.0,0.0,0.0,0.0,0.0,0.0,0.0,0.0,0.0
MINLIG,1.66294,1.21468,1.55527,682.199,2.03078,0.0,0.0,0.0,0.0,0.0,0.0,0.0,0.0,0.0,0.0
QURJES,1.74522,1.02431,1.67236,857.476,1.96833,0.0,0.0,0.0,0.0,0.0,0.0,0.0,0.0,0.0,0.0
SINYAS,2.19526,1.17922,2.19526,2054.77,1.62386,0.0,0.0,0.0,0.0,0.0,0.0,0.0,0.0,0.0,0.0
KUZHAQ,2.18277,0.88411,2.0396,467.636,2.26185,0.0,0.0,0.0,0.0,0.0,0.0,0.0,0.0,0.0,0.0
IPUHUW,1.95297,1.06679,1.9182,1479.63,1.82334,0.0,0.0,0.0,0.0,0.0,0.0,0.0,0.0,0.0,0.0
KAFPOX,3.0067,1.4282,3.0067,2014.82,1.73299,0.0,0.0,22.8887,13.2076,0.0,0.0,0.0,32.9221,0.01634,0.00942878
GARZIL,1.73566,0.82903,1.29017,1277.69,5.63804,0.0,0.0,0.0,0.0,0.0,0.0,0.0,0.0,0.0,0.0
AGUDUB,3.5075,1.20763,3.19229,10887.6,1.20936,0.0,0.0,143.559,118.707,0.0,0.0,0.0,348.838,0.03204,0.0264934
EVAJUG,2.90919,1.67431,2.89837,2494.72,1.85952,0.0,0.0,25.4933,13.7096,0.0,0.0,0.0,38.2191,0.01532,0.00823869
CEFHOM,2.49189,0.4525,1.6983,1361.34,2.04863,0.0,0.0,0.0,0.0,0.0,0.0,0.0,0.0,0.0,0.0
DURMEJ,1.69425,1.03064,1.51931,934.043,1.68714,0.0,0.0,0.0,0.0,0.0,0.0,0.0,0.0,0.0,0.0
APIQAS,2.37681,1.45559,2.34284,2140.84,1.57501,0.0,0.0,0.0,0.0,0.0,0.0,0.0,0.0,0.0,0.0
DUFGOB,4.73536,3.91356,4.73536,4086.88,1.78265,384.662,215.781,0.0,0.0,330.302,0.08082,0.045337,0.0,0.0,0.0
COQTAE,2.4198,1.30958,2.4198,1152.14,1.42617,0.0,0.0,0.0,0.0,0.0,0.0,0.0,0.0,0.0,0.0
FAFDEX,2.32016,1.56088,2.29209,581.243,2.49975,0.0,0.0,0.0,0.0,0.0,0.0,0.0,0.0,0.0,0.0
ECACUK,3.93598,1.79368,3.87321,4455.05,1.26773,0.0,0.0,411.799,324.832,0.0,0.0,0.0,537.011,0.12054,0.0950835
DAYGOB,1.98002,1.29617,1.98002,573.743,2.6869,0.0,0.0,0.0,0.0,0.0,0.0,0.0,0.0,0.0,0.0
ATITAY,2.27582,1.33262,2.26915,1991.92,1.1025,0.0,0.0,0.0,0.0,0.0,0.0,0.0,0.0,0.0,0.0
CEFHOM01,2.41114,0.40602,2.41114,1357.18,2.0549,0.0,0.0,0.0,0.0,0.0,0.0,0.0,0.0,0.0,0.0
AVANOD,2.80306,1.1554,2.73624,1251.57,1.50088,0.0,0.0,2.87992,1.91883,0.0,0.0,0.0,0.0,0.0,0.0
FAFMAD,1.92717,1.29264,1.73239,521.145,1.69667,0.0,0.0,0.0,0.0,0.0,0.0,0.0,0.0,0.0,0.0
ATIVIL,1.91974,0.61434,1.91763,3198.25,1.65091,0.0,0.0,0.0,0.0,0.0,0.0,0.0,0.0,0.0,0.0
BAWMOC,1.91294,0.76082,1.85445,770.495,1.74261,0.0,0.0,0.0,0.0,0.0,0.0,0.0,0.0,0.0,0.0
EWADAH,1.91605,1.44991,1.75473,1175.33,1.76464,0.0,0.0,0.0,0.0,0.0,0.0,0.0,0.0,0.0,0.0
DOHVOM,1.55329,1.03961,1.48149,6848.19,2.39933,0.0,0.0,0.0,0.0,0.0,0.0,0.0,0.0,0.0,0.0
APUZIV,2.66202,0.75909,2.49718,2657.65,1.82854,0.0,0.0,0.194736,0.106498,0.0,0.0,0.0,0.0,0.0,0.0
DIFTOD,1.74841,1.26375,1.74841,864.826,2.03275,0.0,0.0,0.0,0.0,0.0,0.0,0.0,0.0,0.0,0.0
EDAKIE,1.99186,1.20373,1.64121,718.215,1.75892,0.0,0.0,0.0,0.0,0.0,0.0,0.0,0.0,0.0,0.0
FAFMAD01,2.00038,1.23711,1.84728,521.145,1.69667,0.0,0.0,0.0,0.0,0.0,0.0,0.0,0.0,0.0,0.0
FIBXEV,3.06871,1.47852,3.06756,779.931,1.69069,0.0,0.0,118.112,69.8603,0.0,0.0,0.0,40.884,0.05242,0.0310051
CUPQUA,1.71789,0.8607,1.61645,1049.46,1.50494,0.0,0.0,0.0,0.0,0.0,0.0,0.0,0.0,0.0,0.0
FAPWOL,1.57126,0.52612,1.57126,446.287,1.70475,0.0,0.0,0.0,0.0,0.0,0.0,0.0,0.0,0.0,0.0
BUTCUQ,1.53541,0.9445,1.40136,1054.69,1.81572,0.0,0.0,0.0,0.0,0.0,0.0,0.0,0.0,0.0,0.0
APUZOB,3.82329,2.59834,3.65869,1494.59,1.55463,0.0,0.0,482.813,310.565,0.0,0.0,0.0,217.852,0.14576,0.0937589
DEFGEB,2.20962,1.21077,2.20526,1103.31,1.40415,0.0,0.0,0.0,0.0,0.0,0.0,0.0,0.0,0.0,0.0
DOKPAV,2.49364,1.26525,2.48617,2333.17,1.52728,0.0,0.0,0.0,0.0,0.0,0.0,0.0,0.0,0.0,0.0
BASVIB,5.37985,1.6898,5.37243,5213.49,1.12514,0.0,0.0,824.332,732.651,0.0,0.0,0.0,984.307,0.1888,0.167802
KEHWAY03,2.12116,0.82057,2.11057,1367.16,1.76004,0.0,0.0,0.0,0.0,0.0,0.0,0.0,0.0,0.0,0.0
IDEDAY,1.91822,0.70732,1.88025,1217.01,1.98899,0.0,0.0,0.0,0.0,0.0,0.0,0.0,0.0,0.0,0.0
GAHQUE,3.46345,2.13508,3.2943,3837.64,1.54319,0.0,0.0,191.609,124.164,0.0,0.0,0.0,251.519,0.06554,0.0424704
HILTEB,2.39221,1.39621,2.39221,973.879,1.20551,0.0,0.0,0.0,0.0,0.0,0.0,0.0,0.0,0.0,0.0
GUZNOH,1.8495,0.99616,1.8495,526.121,1.81999,0.0,0.0,0.0,0.0,0.0,0.0,0.0,0.0,0.0,0.0
HUTXIG,2.40205,1.56472,2.0752,2392.56,1.84092,0.0,0.0,0.0,0.0,0.0,0.0,0.0,0.0,0.0,0.0
GOTHOM,1.79098,1.12695,1.7796,1572.83,1.78831,0.0,0.0,0.0,0.0,0.0,0.0,0.0,0.0,0.0,0.0
ITADAL,1.7488,1.06471,1.71507,406.486,1.60338,0.0,0.0,0.0,0.0,0.0,0.0,0.0,0.0,0.0,0.0
IKOMEA,2.07922,0.84965,2.04628,1256.95,1.78241,0.0,0.0,0.0,0.0,0.0,0.0,0.0,0.0,0.0,0.0
GIFXEA,2.28091,0.99148,2.26793,883.446,1.49771,0.0,0.0,0.0,0.0,0.0,0.0,0.0,0.0,0.0,0.0
KAZHEZ,2.3766,1.42925,2.36819,2020.94,1.70115,0.0,0.0,0.0,0.0,0.0,0.0,0.0,0.0,0.0,0.0
JOKNOO,5.80037,5.43387,5.80037,2897.34,1.51679,1165.17,768.183,0.0,0.0,740.328,0.25552,0.168461,0.0,0.0,0.0
GAZKOJ,2.87032,1.05687,2.86159,3591.98,1.49729,0.0,0.0,8.44365,5.63927,0.0,0.0,0.0,0.0,0.0,0.0
GAHQOY,3.32919,2.03268,3.32228,3803.02,1.55387,0.0,0.0,158.588,102.06,0.0,0.0,0.0,223.161,0.05868,0.0377637
GAHQEO,3.47058,2.1017,3.25684,3837.83,1.51882,0.0,0.0,170.406,112.197,0.0,0.0,0.0,235.797,0.06144,0.0404525
KEHWAY,1.98881,0.79404,1.78224,1347.08,1.78629,0.0,0.0,0.0,0.0,0.0,0.0,0.0,0.0,0.0,0.0
JEFVIA,1.80503,0.7346,1.71196,1507.17,1.86968,0.0,0.0,0.0,0.0,0.0,0.0,0.0,0.0,0.0,0.0
KEHWEC,1.92294,0.78411,1.81308,1342.07,1.79296,0.0,0.0,0.0,0.0,0.0,0.0,0.0,0.0,0.0,0.0
HODCAH,1.98844,0.97946,1.81841,2299.31,1.65726,0.0,0.0,0.0,0.0,0.0,0.0,0.0,0.0,0.0,0.0
KEHWAY02,2.06242,0.80724,1.97345,1358.34,1.77148,0.0,0.0,0.0,0.0,0.0,0.0,0.0,0.0,0.0,0.0
KDGLUC01,1.27563,0.68437,1.23917,442.956,1.8611,0.0,0.0,0.0,0.0,0.0,0.0,0.0,0.0,0.0,0.0
IFUKIE,2.33699,1.17709,2.33699,2163.56,1.58582,0.0,0.0,0.0,0.0,0.0,0.0,0.0,0.0,0.0,0.0
GUNSAJ,1.61606,1.00381,1.52553,3475.55,1.7258,0.0,0.0,0.0,0.0,0.0,0.0,0.0,0.0,0.0,0.0
JOFLEX,1.89228,0.74254,1.80864,450.341,2.29794,0.0,0.0,0.0,0.0,0.0,0.0,0.0,0.0,0.0,0.0
GAHQIS,3.48967,2.11358,3.42084,3834.99,1.53178,0.0,0.0,188.17,122.844,0.0,0.0,0.0,239.841,0.06254,0.0408284
KEHWAY01,1.94146,0.79675,1.89324,1345.59,1.78826,0.0,0.0,0.0,0.0,0.0,0.0,0.0,0.0,0.0,0.0
KAZHOJ,2.85496,1.11216,2.83486,4436.48,2.8692,0.0,0.0,14.0421,4.89407,0.0,0.0,0.0,11.6236,0.00262,0.000913148
FIMQOI,3.35981,1.57828,3.35716,2492.21,1.22919,0.0,0.0,130.744,106.366,0.0,0.0,0.0,105.072,0.04216,0.0342991
GOGBOT,3.25629,1.66952,3.25629,7015.61,1.10837,0.0,0.0,54.9838,49.608,0.0,0.0,0.0,109.163,0.01556,0.0140387
FUMJIJ,1.87482,1.17546,1.86924,2660.14,1.86461,0.0,0.0,0.0,0.0,0.0,0.0,0.0,0.0,0.0,0.0
IQAYIL01,1.26792,0.18874,1.25608,492.533,1.9706,0.0,0.0,0.0,0.0,0.0,0.0,0.0,0.0,0.0,0.0
JAHKAH,2.31971,1.26521,1.75896,2503.38,1.41181,0.0,0.0,0.0,0.0,0.0,0.0,0.0,0.0,0.0,0.0
GAHQAK,3.41452,2.13593,3.2622,3830.83,1.52519,0.0,0.0,147.047,96.4125,0.0,0.0,0.0,218.434,0.05702,0.0373855
GIFKAI,2.27944,0.96245,2.02504,1335.37,1.51871,0.0,0.0,0.0,0.0,0.0,0.0,0.0,0.0,0.0,0.0
FUBTUU,3.32885,1.42213,3.32282,4905.29,1.72692,0.0,0.0,67.3828,39.019,0.0,0.0,0.0,121.062,0.02468,0.0142913
GEBCAT,4.03535,3.58726,4.03535,5232.91,1.59964,1664.76,1040.71,0.0,0.0,1517.65,0.29002,0.181303,0.0,0.0,0.0
KEKXEF,1.6208,0.85753,1.56553,978.875,2.44486,0.0,0.0,0.0,0.0,0.0,0.0,0.0,0.0,0.0,0.0
ODAJEI,2.59602,1.48934,2.42848,2059.6,1.87568,0.0,0.0,0.0,0.0,0.0,0.0,0.0,0.0,0.0,0.0
KHPHAL13,2.24296,1.13568,1.55326,827.576,1.63909,0.0,0.0,0.0,0.0,0.0,0.0,0.0,0.0,0.0,0.0
KHPHAL12,2.20623,1.05338,1.49956,813.336,1.66779,0.0,0.0,0.0,0.0,0.0,0.0,0.0,0.0,0.0,0.0
MUVFUH,1.56863,0.82435,1.52158,1813.35,1.96903,0.0,0.0,0.0,0.0,0.0,0.0,0.0,0.0,0.0,0.0
KHPHAL07,2.27634,1.19675,2.23846,831.468,1.63142,0.0,0.0,0.0,0.0,0.0,0.0,0.0,0.0,0.0,0.0
KNATAR22,1.54933,0.70734,1.52743,1057.61,1.77243,0.0,0.0,0.0,0.0,0.0,0.0,0.0,0.0,0.0,0.0
OGALAK,1.67362,0.65087,1.65915,678.888,1.8999,0.0,0.0,0.0,0.0,0.0,0.0,0.0,0.0,0.0,0.0
MABBEZ,1.23733,0.59047,1.23442,472.585,2.03997,0.0,0.0,0.0,0.0,0.0,0.0,0.0,0.0,0.0,0.0
KHPHAL03,2.2655,1.1294,2.22693,830.272,1.63377,0.0,0.0,0.0,0.0,0.0,0.0,0.0,0.0,0.0,0.0
OLEXIM,2.82527,1.20171,2.80626,3435.53,1.22369,0.0,0.0,14.6188,11.9465,0.0,0.0,0.0,10.3753,0.00302,0.00246794
NAYFIE,2.23358,1.21009,2.22577,5823.83,1.41356,0.0,0.0,0.0,0.0,0.0,0.0,0.0,0.0,0.0,0.0
KHPHAL06,2.18306,1.04876,2.15005,810.686,1.67324,0.0,0.0,0.0,0.0,0.0,0.0,0.0,0.0,0.0,0.0
KHPHAL04,2.18819,0.95616,2.16637,807.137,1.6806,0.0,0.0,0.0,0.0,0.0,0.0,0.0,0.0,0.0,0.0
NUMSAP,2.09631,1.4857,2.09631,1718.41,1.11537,0.0,0.0,0.0,0.0,0.0,0.0,0.0,0.0,0.0,0.0
KNATAR24,1.548,0.64308,1.50148,1033.91,1.81306,0.0,0.0,0.0,0.0,0.0,0.0,0.0,0.0,0.0,0.0
NEPMAY,2.66743,2.01871,2.66743,1152.8,1.69555,0.0,0.0,0.316562,0.186702,0.0,0.0,0.0,0.0,0.0,0.0
MEMFEP,2.21494,1.27341,2.12028,2355.15,1.63483,0.0,0.0,0.0,0.0,0.0,0.0,0.0,0.0,0.0,0.0
MUMNOX,2.17735,0.96225,2.17735,825.655,1.55458,0.0,0.0,0.0,0.0,0.0,0.0,0.0,0.0,0.0,0.0
KOMVIT,1.213,0.35078,1.213,3384.6,3.76137,0.0,0.0,0.0,0.0,0.0,0.0,0.0,0.0,0.0,0.0
KHPHAL08,2.25311,1.14275,2.22064,825.007,1.6442,0.0,0.0,0.0,0.0,0.0,0.0,0.0,0.0,0.0,0.0
LUPHAF,2.22405,1.12849,1.8001,3337.73,1.43059,0.0,0.0,0.0,0.0,0.0,0.0,0.0,0.0,0.0,0.0
KNATAR23,1.55102,0.63761,1.53337,1034.07,1.81279,0.0,0.0,0.0,0.0,0.0,0.0,0.0,0.0,0.0,0.0
KIJLAQ,2.42011,1.28955,2.13674,1320.55,2.15938,0.0,0.0,0.0,0.0,0.0,0.0,0.0,0.0,0.0,0.0
KHPHAL02,2.21414,1.05072,2.19208,818.612,1.65704,0.0,0.0,0.0,0.0,0.0,0.0,0.0,0.0,0.0,0.0
KNATDL02,1.828,0.85762,1.67029,532.879,1.75888,0.0,0.0,0.0,0.0,0.0,0.0,0.0,0.0,0.0,0.0
OGALAK01,1.68082,0.66372,1.66847,682.549,1.88971,0.0,0.0,0.0,0.0,0.0,0.0,0.0,0.0,0.0,0.0
NIKTAE,1.97437,0.74155,1.90358,1247.91,1.91055,0.0,0.0,0.0,0.0,0.0,0.0,0.0,0.0,0.0,0.0
NEFJOA,0.97694,0.36769,0.96764,487.046,2.00298,0.0,0.0,0.0,0.0,0.0,0.0,0.0,0.0,0.0,0.0
KHPHAL05,2.20549,1.00944,2.19485,813.106,1.66826,0.0,0.0,0.0,0.0,0.0,0.0,0.0,0.0,0.0,0.0
NIZFAG,3.95788,3.43915,3.9554,2826.55,1.3401,1321.73,986.289,0.0,0.0,707.429,0.25028,0.186762,0.0,0.0,0.0
PONRUH,1.64531,0.77705,1.64279,461.228,1.94629,0.0,0.0,0.0,0.0,0.0,0.0,0.0,0.0,0.0,0.0
PICYAE01,3.74155,1.02975,3.69149,3139.71,1.84444,0.0,0.0,317.829,172.317,0.0,0.0,0.0,285.337,0.09088,0.0492723
TAFSOJ,2.61388,1.03734,1.83954,1457.96,1.46588,0.0,0.0,0.0,0.0,0.0,0.0,0.0,0.0,0.0,0.0
QOSZOO,2.62382,1.43928,2.50277,2085.98,1.61323,0.0,0.0,0.0,0.0,0.0,0.0,0.0,0.0,0.0,0.0
RUQROK,1.94231,1.12282,1.90386,2911.11,1.95474,0.0,0.0,0.0,0.0,0.0,0.0,0.0,0.0,0.0,0.0
OYEYEZ,2.84546,1.05098,2.75143,2425.01,1.7482,0.0,0.0,6.44861,3.68872,0.0,0.0,0.0,0.0,0.0,0.0
POMTOC,1.71872,1.10584,1.71286,1426.26,1.85009,0.0,0.0,0.0,0.0,0.0,0.0,0.0,0.0,0.0,0.0
OWUVOS,8.65846,7.98224,8.65487,1867.06,0.747896,1781.29,2381.73,0.0,0.0,1074.75,0.57564,0.769679,0.0,0.0,0.0
TELDAP,1.24206,0.6835,1.19828,530.549,1.80488,0.0,0.0,0.0,0.0,0.0,0.0,0.0,0.0,0.0,0.0
ROSJUG,1.74765,0.67481,1.7251,5341.21,2.00342,0.0,0.0,0.0,0.0,0.0,0.0,0.0,0.0,0.0,0.0
QACGAF,2.07107,1.30515,2.05052,3438.45,1.55983,0.0,0.0,0.0,0.0,0.0,0.0,0.0,0.0,0.0,0.0
TAQJEB,4.70832,1.28362,4.70138,1776.99,1.35767,0.0,0.0,570.357,420.101,0.0,0.0,0.0,261.608,0.14722,0.108436
RIBDAI,2.39109,1.38345,2.38349,1894.39,1.6494,0.0,0.0,0.0,0.0,0.0,0.0,0.0,0.0,0.0,0.0
QACCOO,1.5365,0.78781,1.53407,268.491,1.85742,0.0,0.0,0.0,0.0,0.0,0.0,0.0,0.0,0.0,0.0
QOYGOA,1.82343,0.64552,1.82069,1083.38,1.73681,0.0,0.0,0.0,0.0,0.0,0.0,0.0,0.0,0.0,0.0
PEDZIK,1.71872,1.10584,1.71286,1426.26,1.85009,0.0,0.0,0.0,0.0,0.0,0.0,0.0,0.0,0.0,0.0
SOPDUZ,3.50261,1.55527,3.49939,1401.15,1.33135,0.0,0.0,201.63,151.447,0.0,0.0,0.0,94.746,0.06762,0.0507905
TAZZUS,1.54326,1.11931,1.52779,325.614,2.11356,0.0,0.0,0.0,0.0,0.0,0.0,0.0,0.0,0.0,0.0
PAJFIP,1.79527,0.88894,1.69019,1297.25,1.51721,0.0,0.0,0.0,0.0,0.0,0.0,0.0,0.0,0.0,0.0
RISZEB,2.47811,0.97981,2.43844,1024.89,1.61185,0.0,0.0,0.0,0.0,0.0,0.0,0.0,0.0,0.0,0.0
OQUWOO,2.1969,0.87018,2.19102,1173.44,2.25821,0.0,0.0,0.0,0.0,0.0,0.0,0.0,0.0,0.0,0.0
TELMOO01,1.47067,0.94223,1.47067,634.618,1.69213,0.0,0.0,0.0,0.0,0.0,0.0,0.0,0.0,0.0,0.0
ZENFAC,2.06222,0.98252,2.06222,2379.19,1.83443,0.0,0.0,0.0,0.0,0.0,0.0,0.0,0.0,0.0,0.0
ZZZEJE01,2.34463,1.20823,2.34463,1706.38,1.79223,0.0,0.0,0.0,0.0,0.0,0.0,0.0,0.0,0.0,0.0
TIZKUK,4.37725,2.11994,4.37725,5044.64,1.58174,0.0,0.0,564.926,357.156,0.0,0.0,0.0,656.308,0.1301,0.0822514
UTALOT,4.51156,2.96285,4.51156,4487.46,1.20146,605.07,503.611,0.0,0.0,556.893,0.1241,0.103291,0.0,0.0,0.0
ZZZRZW13,1.64514,0.49663,1.64514,633.021,1.97449,0.0,0.0,0.0,0.0,0.0,0.0,0.0,0.0,0.0,0.0
VAZZAZ,2.46149,1.49747,2.42662,2382.41,1.3567,0.0,0.0,0.0,0.0,0.0,0.0,0.0,0.0,0.0,0.0
XIPKEO,2.75323,1.56427,2.69514,5945.79,2.39366,0.0,0.0,4.27974,1.78795,0.0,0.0,0.0,0.0,0.0,0.0
VECTIH,1.18418,0.5718,1.16951,711.097,2.08453,0.0,0.0,0.0,0.0,0.0,0.0,0.0,0.0,0.0,0.0
VAZZAZ02,2.43953,1.47857,2.40801,2380.01,1.35807,0.0,0.0,0.0,0.0,0.0,0.0,0.0,0.0,0.0,0.0
XOGZOK,4.67169,2.60439,4.6697,3131.11,1.51437,0.0,0.0,626.087,413.431,0.0,0.0,0.0,468.227,0.14954,0.0987474
ZZZRZW05,1.65001,0.48452,1.63891,631.282,1.97993,0.0,0.0,0.0,0.0,0.0,0.0,0.0,0.0,0.0,0.0
UTIXAZ,1.3538,0.87627,1.30987,1966.37,1.89326,0.0,0.0,0.0,0.0,0.0,0.0,0.0,0.0,0.0,0.0
ZZZRZW06,1.6299,0.45942,1.56951,623.956,2.00318,0.0,0.0,0.0,0.0,0.0,0.0,0.0,0.0,0.0,0.0
XAHZAI,1.6059,0.37543,1.59403,630.174,1.98341,0.0,0.0,0.0,0.0,0.0,0.0,0.0,0.0,0.0,0.0
XEWLAN,4.39009,1.69314,4.39009,4460.85,1.18728,0.0,0.0,597.795,503.5,0.0,0.0,0.0,614.705,0.1378,0.116064
TIBWEH,1.91306,1.15086,1.88756,1842.74,1.46452,0.0,0.0,0.0,0.0,0.0,0.0,0.0,0.0,0.0,0.0
VEGPUS,1.77306,1.21939,1.66211,555.808,1.78246,0.0,0.0,0.0,0.0,0.0,0.0,0.0,0.0,0.0,0.0
YODPAL,2.27789,1.0169,2.27789,991.714,1.74322,0.0,0.0,0.0,0.0,0.0,0.0,0.0,0.0,0.0,0.0
XORWUY,2.76821,1.27936,2.76821,1397.37,1.86949,0.0,0.0,4.96199,2.65419,0.0,0.0,0.0,10.3964,0.00744,0.00397969
ZZZRZW14,1.63133,0.46136,1.56768,623.809,2.00365,0.0,0.0,0.0,0.0,0.0,0.0,0.0,0.0,0.0,0.0
ZZZLZE02,1.24085,0.44395,1.14261,784.852,1.9911,0.0,0.0,0.0,0.0,0.0,0.0,0.0,0.0,0.0,0.0
XUQDAO,2.32782,1.32109,2.21756,3062.96,1.28742,0.0,0.0,0.0,0.0,0.0,0.0,0.0,0.0,0.0,0.0
WUHDUY,2.72564,1.35453,2.72564,972.915,1.20333,0.0,0.0,1.9282,1.60238,0.0,0.0,0.0,0.0,0.0,0.0
VIDYUE,1.74676,0.85176,1.61532,1195.26,1.67435,0.0,0.0,0.0,0.0,0.0,0.0,0.0,0.0,0.0,0.0
WEJNII,1.69285,0.56837,1.27854,1180.87,2.07232,0.0,0.0,0.0,0.0,0.0,0.0,0.0,0.0,0.0,0.0
ZOZQAI,2.67504,0.75133,2.66205,2026.43,1.86723,0.0,0.0,0.0,0.0,0.0,0.0,0.0,0.0,0.0,0.0
YUVYOD,2.85004,1.80215,2.83079,3735.21,1.71705,0.0,0.0,16.8522,9.81466,0.0,0.0,0.0,32.7951,0.00878,0.00511343
ZZZRZW16,1.62018,0.46207,1.62018,622.572,2.00763,0.0,0.0,0.0,0.0,0.0,0.0,0.0,0.0,0.0,0.0
UTIXAZ01,1.35896,0.87931,1.32245,1970.13,1.88964,0.0,0.0,0.0,0.0,0.0,0.0,0.0,0.0,0.0,0.0
VUDPOA,2.11182,1.36712,2.11182,3195.95,1.38994,0.0,0.0,0.0,0.0,0.0,0.0,0.0,0.0,0.0,0.0
ZZZEJE02,2.34627,1.16984,2.34627,1707.28,1.79128,0.0,0.0,0.0,0.0,0.0,0.0,0.0,0.0,0.0,0.0
USICOQ,2.62532,1.47288,2.40973,2691.3,1.30956,0.0,0.0,0.0,0.0,0.0,0.0,0.0,0.0,0.0,0.0
IJAWIC,2.4439,1.11367,2.4439,398.186,1.61222,0.0,0.0,0.0,0.0,0.0,0.0,0.0,0.0,0.0,0.0
DUTCUT01,1.76525,1.41874,1.75679,1500.27,1.79986,0.0,0.0,0.0,0.0,0.0,0.0,0.0,0.0,0.0,0.0
SUQZAH,4.41259,2.20542,4.4107,1669.46,1.21542,0.0,0.0,783.774,644.859,0.0,0.0,0.0,302.673,0.1813,0.149167
JIFXOM,2.00641,1.25091,1.99016,767.083,1.80457,0.0,0.0,0.0,0.0,0.0,0.0,0.0,0.0,0.0,0.0
YAHLIG,2.2021,1.20857,2.09587,995.217,1.75257,0.0,0.0,0.0,0.0,0.0,0.0,0.0,0.0,0.0,0.0
OJIMAY,2.51347,1.7203,2.51334,1207.51,1.78445,0.0,0.0,0.0,0.0,0.0,0.0,0.0,0.0,0.0,0.0
DUTCIH,2.55241,1.08487,1.84594,980.838,1.69597,0.0,0.0,0.0,0.0,0.0,0.0,0.0,0.0,0.0,0.0
DUTCUT,1.72609,1.38101,1.72609,1500.27,1.79986,0.0,0.0,0.0,0.0,0.0,0.0,0.0,0.0,0.0,0.0
PIHRUU,2.53379,1.86621,2.53379,708.579,1.61583,0.0,0.0,0.0,0.0,0.0,0.0,0.0,0.0,0.0,0.0
PIHROO,2.97745,1.54745,2.82964,740.067,1.70876,0.0,0.0,58.1386,34.0238,0.0,0.0,0.0,39.1199,0.05286,0.0309346
SUQZAH01,4.39459,2.20659,4.39293,1664.54,1.21901,0.0,0.0,783.76,642.946,0.0,0.0,0.0,309.438,0.1859,0.1525
DUTCIH01,2.49545,1.16993,1.90842,980.797,1.69604,0.0,0.0,0.0,0.0,0.0,0.0,0.0,0.0,0.0,0.0
PIHSAB,1.58683,1.06154,1.41445,569.35,2.01096,0.0,0.0,0.0,0.0,0.0,0.0,0.0,0.0,0.0,0.0
PIHSEF01,2.97916,1.48663,2.93218,1686.71,1.64137,0.0,0.0,67.1183,40.8915,0.0,0.0,0.0,94.287,0.0559,0.0340569
PIHSEF,2.29602,1.0505,2.2761,852.17,2.0711,0.0,0.0,0.0,0.0,0.0,0.0,0.0,0.0,0.0,0.0
XIFXUG,1.55285,0.9585,1.54959,567.997,2.01575,0.0,0.0,0.0,0.0,0.0,0.0,0.0,0.0,0.0,0.0
CELJOU,2.82283,1.2534,2.75693,1572.27,1.60438,0.0,0.0,33.3704,20.7996,0.0,0.0,0.0,29.2127,0.01858,0.0115808
HEDDIF,4.93372,1.6698,4.92197,5057.28,1.07325,0.0,0.0,1078.09,1004.52,0.0,0.0,0.0,1298.3,0.25672,0.2392
JIFXIG,2.8591,1.32888,2.78788,1613.31,1.5677,0.0,0.0,47.0247,29.9959,0.0,0.0,0.0,42.8819,0.02658,0.0169547
XOXBAO,1.11947,0.78793,1.11947,1187.68,4.27736,0.0,0.0,0.0,0.0,0.0,0.0,0.0,0.0,0.0,0.0
RAVWOC,23.42683,22.7671,23.42683,26611.0,0.432164,1393.46,3224.38,0.0,0.0,17886.3,0.67214,1.55529,0.0,0.0,0.0
RAVXOD,71.64083,71.50163,71.64083,128222.0,0.179111,662.582,3699.27,0.0,0.0,108819.0,0.84868,4.73828,0.0,0.0,0.0
REQVUH,4.859,4.32294,4.85324,7714.36,1.3161,722.787,549.189,0.0,0.0,1180.91,0.15308,0.116314,0.0,0.0,0.0
KEXYUK,5.2324,3.4529,5.06303,5980.83,1.09709,1849.97,1686.25,0.0,0.0,2040.9,0.34124,0.311041,0.0,0.0,0.0
CEZXOX,2.1285,1.21683,1.95796,2023.92,1.78819,0.0,0.0,0.0,0.0,0.0,0.0,0.0,0.0,0.0,0.0
QIDDEP,4.28131,2.65024,4.26737,1667.59,1.26648,1012.14,799.178,0.0,0.0,390.783,0.23434,0.185033,0.0,0.0,0.0
JEFVOG,1.89786,0.78169,1.89714,1554.4,2.20916,0.0,0.0,0.0,0.0,0.0,0.0,0.0,0.0,0.0,0.0
IPUJEI,2.57788,1.10535,2.51952,1736.3,1.83326,0.0,0.0,0.0,0.0,0.0,0.0,0.0,0.0,0.0,0.0
MVHIRB10,4.7756,3.26237,4.7756,9086.24,1.14533,1039.32,907.442,0.0,0.0,1835.97,0.20206,0.176421,0.0,0.0,0.0
BARKUB,1.71413,0.84604,1.68979,4621.81,2.05686,0.0,0.0,0.0,0.0,0.0,0.0,0.0,0.0,0.0,0.0
QADYUQ,3.77104,1.70335,3.74209,2917.72,2.71657,0.0,0.0,617.01,227.129,0.0,0.0,0.0,422.777,0.1449,0.0533394
GOTZAS,2.51308,1.06104,2.50521,896.446,1.77388,0.0,0.0,0.0,0.0,0.0,0.0,0.0,0.0,0.0,0.0
FAVMUN,2.30278,1.2853,2.27404,1847.63,1.72133,0.0,0.0,0.0,0.0,0.0,0.0,0.0,0.0,0.0,0.0
XEJHID01,2.38974,1.26958,2.10195,1584.06,1.42159,0.0,0.0,0.0,0.0,0.0,0.0,0.0,0.0,0.0,0.0
BOTFOG,2.78248,1.40317,2.76327,1956.62,1.44562,0.0,0.0,1.75727,1.21558,0.0,0.0,0.0,10.5266,0.00538,0.00372157
RONLUE,1.45224,0.66407,0.98095,749.233,2.26506,0.0,0.0,0.0,0.0,0.0,0.0,0.0,0.0,0.0,0.0
FAVMOH,2.79277,1.2908,2.56433,1849.45,1.6676,0.0,0.0,4.45702,2.67272,0.0,0.0,0.0,0.0,0.0,0.0
NUMSET,2.11383,1.51506,2.11383,1769.7,1.25709,0.0,0.0,0.0,0.0,0.0,0.0,0.0,0.0,0.0,0.0
ZZZHZC01,1.40484,0.39982,1.37385,1175.43,4.42979,0.0,0.0,0.0,0.0,0.0,0.0,0.0,0.0,0.0,0.0
XAHZEM,1.81983,0.55314,1.80909,663.096,2.34942,0.0,0.0,0.0,0.0,0.0,0.0,0.0,0.0,0.0,0.0
VIYHUJ,1.64397,0.99125,1.55088,506.424,2.51184,0.0,0.0,0.0,0.0,0.0,0.0,0.0,0.0,0.0,0.0
SIQJOU,3.08952,1.51889,3.08952,4136.3,1.37094,0.0,0.0,27.1641,19.8141,0.0,0.0,0.0,63.699,0.0154,0.0112331
VIYJEV,1.54102,0.6758,1.54102,1197.94,2.32351,0.0,0.0,0.0,0.0,0.0,0.0,0.0,0.0,0.0,0.0
GOTJAA,1.77595,1.07402,1.68974,1618.82,1.92776,0.0,0.0,0.0,0.0,0.0,0.0,0.0,0.0,0.0,0.0
EGUKAV,4.85989,1.11167,4.85804,2738.07,1.52175,0.0,0.0,625.238,410.867,0.0,0.0,0.0,433.217,0.15822,0.103972
ESUZAU,4.90208,2.98297,4.90208,988.62,1.37788,1267.53,919.913,0.0,0.0,291.089,0.29444,0.213691,0.0,0.0,0.0
ITOJAF,1.09843,0.44722,1.07675,283.534,3.88692,0.0,0.0,0.0,0.0,0.0,0.0,0.0,0.0,0.0,0.0
PABSAQ,3.74652,2.82927,3.74652,558.535,1.95641,493.378,252.186,0.0,0.0,75.3464,0.1349,0.068953,0.0,0.0,0.0
DEFCAV,5.59191,2.07291,5.59179,4817.53,1.56024,0.0,0.0,898.98,576.179,0.0,0.0,0.0,953.775,0.19798,0.12689
SEYDUW,3.31255,2.58756,3.30196,1260.91,1.81732,0.0,0.0,318.975,175.52,0.0,0.0,0.0,180.36,0.14304,0.0787092
GAYHAS,2.3979,1.38346,2.37321,2558.51,1.65206,0.0,0.0,0.0,0.0,0.0,0.0,0.0,0.0,0.0,0.0
TAVDEC,3.56716,1.21297,3.56716,960.999,1.93532,0.0,0.0,68.7213,35.5091,0.0,0.0,0.0,32.5394,0.03386,0.0174958
USIREV,3.26619,1.14764,3.26619,2711.69,2.22943,0.0,0.0,122.791,55.0772,0.0,0.0,0.0,124.521,0.04592,0.0205972
PABSEU,3.72207,2.86234,3.72207,551.092,1.98283,451.17,227.539,0.0,0.0,74.0557,0.13438,0.0677718,0.0,0.0,0.0
OBUMIK,2.6586,1.57685,2.65217,2745.26,1.79918,0.0,0.0,0.0,0.0,0.0,0.0,0.0,0.0,0.0,0.0
EGUKAV,4.85989,1.11167,4.85804,2738.07,1.52175,0.0,0.0,625.238,410.867,0.0,0.0,0.0,433.217,0.15822,0.103972
PEXVAQ,4.03172,1.97691,3.84968,2047.21,1.71653,0.0,0.0,363.219,211.6,0.0,0.0,0.0,206.235,0.10074,0.058688
NOZKIW,1.76401,1.18768,1.75807,515.896,2.17394,0.0,0.0,0.0,0.0,0.0,0.0,0.0,0.0,0.0,0.0
HUNGAA,2.10062,1.00903,2.10062,782.246,1.9564,0.0,0.0,0.0,0.0,0.0,0.0,0.0,0.0,0.0,0.0
BACLOJ,3.25212,1.28138,2.88908,12304.9,1.54929,0.0,0.0,22.8381,14.741,0.0,0.0,0.0,87.3648,0.0071,0.00458275
IKOMIE,2.41384,1.01627,2.39826,2657.15,1.67505,0.0,0.0,0.0,0.0,0.0,0.0,0.0,0.0,0.0,0.0
NIDBIM,2.7265,1.00937,2.6346,902.462,1.71454,0.0,0.0,3.95373,2.30599,0.0,0.0,0.0,0.0,0.0,0.0
LOFGOF,2.3291,0.7647,2.3291,743.466,2.42762,0.0,0.0,0.0,0.0,0.0,0.0,0.0,0.0,0.0,0.0
BOSGUM,1.42353,0.65792,1.36481,1260.08,2.20231,0.0,0.0,0.0,0.0,0.0,0.0,0.0,0.0,0.0,0.0
PIJHEW,3.85396,1.98876,3.85396,651.708,2.62663,0.0,0.0,448.755,170.848,0.0,0.0,0.0,106.385,0.16324,0.062148
NONWIZ,2.11002,1.08123,2.07434,2321.28,2.02754,0.0,0.0,0.0,0.0,0.0,0.0,0.0,0.0,0.0,0.0
GEYSOS,3.38223,2.2986,3.1834,1234.68,1.52785,0.0,0.0,179.019,117.17,0.0,0.0,0.0,84.724,0.06862,0.0449128
IKOLUP,1.75129,0.97588,1.75129,633.279,2.02336,0.0,0.0,0.0,0.0,0.0,0.0,0.0,0.0,0.0,0.0
CUGRUS,2.12537,1.36789,2.12537,510.197,2.00327,0.0,0.0,0.0,0.0,0.0,0.0,0.0,0.0,0.0,0.0
OMAREZ,2.48715,0.80669,2.47656,690.009,2.05953,0.0,0.0,0.0,0.0,0.0,0.0,0.0,0.0,0.0,0.0
CUGSIH,1.74851,1.1716,1.60763,1216.36,2.57407,0.0,0.0,0.0,0.0,0.0,0.0,0.0,0.0,0.0,0.0
IFIRAT,2.42513,1.95785,2.39906,2857.41,1.45792,0.0,0.0,0.0,0.0,0.0,0.0,0.0,0.0,0.0,0.0
FUHZOX,4.46307,3.72375,4.46307,2483.23,1.71279,618.86,361.316,0.0,0.0,348.497,0.14034,0.0819363,0.0,0.0,0.0
EDIMUZ,2.94568,1.07907,2.94568,956.124,2.05451,0.0,0.0,100.397,48.8665,0.0,0.0,0.0,70.8297,0.07408,0.0360573
CUGSON,1.60229,0.89668,1.59257,595.611,2.62838,0.0,0.0,0.0,0.0,0.0,0.0,0.0,0.0,0.0,0.0
EMIQOG,1.67717,0.79851,1.60057,2626.3,1.83644,0.0,0.0,0.0,0.0,0.0,0.0,0.0,0.0,0.0,0.0
HEGVOG,1.85356,0.89552,1.83091,2420.49,2.79115,0.0,0.0,0.0,0.0,0.0,0.0,0.0,0.0,0.0,0.0
GIJKEP,4.34535,3.55407,4.34535,2410.32,1.60623,583.459,363.248,0.0,0.0,320.911,0.13314,0.0828899,0.0,0.0,0.0
CEDHEZ,2.11618,1.24049,2.11129,1178.59,1.92007,0.0,0.0,0.0,0.0,0.0,0.0,0.0,0.0,0.0,0.0
CUGSUT,1.64604,1.1137,1.63608,365.424,2.30574,0.0,0.0,0.0,0.0,0.0,0.0,0.0,0.0,0.0,0.0