CSD Refcode,largest_cavity_diameter,pore_limitinig_diameter,largest_included_sphere_along_free_sphere_path,Unitcell_volume,Density_g/cm3,ASA_m^2/cm^3,ASA_m^2/g,NASA_m^2/cm^3,NASA_m^2/g,POAV_A^3,POAV_Volume_fraction,POAV_cm^3/g,PONAV_A^3,PONAV_Volume_fraction,PONAV_cm^3/g
ACAZAG,1.82118,0.98717,1.82118,590.006,2.79049,0.0,0.0,0.0,0.0,0.0,0.0,0.0,0.0,0.0,0.0
AQAWAQ01,2.97729,2.32379,2.97312,795.27,2.03789,0.0,0.0,147.013,72.1399,0.0,0.0,0.0,82.8671,0.1042,0.0511313
ACAZEK,1.67291,0.95578,1.30678,798.786,3.62252,0.0,0.0,0.0,0.0,0.0,0.0,0.0,0.0,0.0,0.0
BEQRUM,2.90225,1.48863,2.87381,881.668,1.69979,0.0,0.0,42.4733,24.9873,0.0,0.0,0.0,18.8501,0.02138,0.012578
BAQKUD,6.25702,6.04089,6.25701,7433.39,2.10747,569.466,270.214,0.0,0.0,911.482,0.12262,0.0581836,0.0,0.0,0.0
AREWOK,2.53021,1.54598,2.27868,3387.38,1.63628,0.0,0.0,0.0,0.0,0.0,0.0,0.0,0.0,0.0,0.0
AMUTEI,3.01929,1.69959,3.00825,2094.24,1.54999,0.0,0.0,41.7733,26.9508,0.0,0.0,0.0,44.7749,0.02138,0.0137937
AQAWAQ,3.1357,2.38321,3.1357,791.076,2.04869,0.0,0.0,180.123,87.921,0.0,0.0,0.0,88.1733,0.11146,0.0544054
AKEGIH,1.45213,0.79801,1.43217,344.131,2.64412,0.0,0.0,0.0,0.0,0.0,0.0,0.0,0.0,0.0,0.0
AMBZAG10,2.32181,1.18814,2.31351,1504.81,2.15399,0.0,0.0,0.0,0.0,0.0,0.0,0.0,0.0,0.0,0.0
AXIXAJ,3.81123,3.43961,3.8005,1491.7,1.91493,789.284,412.173,0.0,0.0,237.897,0.15948,0.0832822,0.0,0.0,0.0
AHOHAJ,2.75876,1.23046,2.63767,3368.79,1.69665,0.0,0.0,0.974951,0.574632,0.0,0.0,0.0,0.0,0.0,0.0
AWEJAO,1.6897,1.04561,1.68885,1022.94,3.14244,0.0,0.0,0.0,0.0,0.0,0.0,0.0,0.0,0.0,0.0
AWEHOA,1.78808,0.85529,1.5525,685.413,2.91158,0.0,0.0,0.0,0.0,0.0,0.0,0.0,0.0,0.0,0.0
AWUYIC,2.07745,1.15015,2.07745,1776.69,1.80608,0.0,0.0,0.0,0.0,0.0,0.0,0.0,0.0,0.0,0.0
AGPYRZ02,1.79777,0.84644,1.60778,315.476,2.6314,0.0,0.0,0.0,0.0,0.0,0.0,0.0,0.0,0.0,0.0
AWEHAM,1.59492,0.82441,1.57388,683.583,2.60422,0.0,0.0,0.0,0.0,0.0,0.0,0.0,0.0,0.0,0.0
AQAVIX,4.45412,3.62483,4.45302,1491.18,2.24943,2019.1,897.604,0.0,0.0,588.868,0.3949,0.175556,0.0,0.0,0.0
DAQSOD01,1.35834,0.70691,1.34936,915.324,3.04658,0.0,0.0,0.0,0.0,0.0,0.0,0.0,0.0,0.0,0.0
CIPDEM,2.21536,1.11027,2.09755,2232.56,2.21363,0.0,0.0,0.0,0.0,0.0,0.0,0.0,0.0,0.0,0.0
DEFFEC01,2.73775,1.96536,2.73199,1382.2,2.06664,0.0,0.0,4.63486,2.2427,0.0,0.0,0.0,0.0,0.0,0.0
DAQSOD,1.40395,0.73376,1.19242,926.827,3.00876,0.0,0.0,0.0,0.0,0.0,0.0,0.0,0.0,0.0,0.0
DAFVIS,1.77288,1.09431,1.7284,1747.58,2.59949,0.0,0.0,0.0,0.0,0.0,0.0,0.0,0.0,0.0,0.0
DAPJUB,2.71973,1.54403,2.71973,1053.01,1.88041,0.0,0.0,2.68111,1.42581,0.0,0.0,0.0,0.0,0.0,0.0
CUTNEL,3.60391,1.34293,3.60099,1630.53,1.89673,0.0,0.0,190.121,100.236,0.0,0.0,0.0,106.311,0.0652,0.0343749
DEFFEC,2.85633,2.04406,2.84878,1407.22,2.0299,0.0,0.0,23.9612,11.8041,0.0,0.0,0.0,12.7213,0.00904,0.00445342
CABNEB,3.35154,1.35658,2.64361,4163.87,1.99154,0.0,0.0,65.7823,33.0309,0.0,0.0,0.0,95.436,0.02292,0.0115087
CITZOW,2.899,1.25277,2.77872,2011.93,1.70086,0.0,0.0,6.17544,3.63077,0.0,0.0,0.0,25.3905,0.01262,0.00741977
DONHAR,1.98867,1.05728,1.86989,1980.82,1.81154,0.0,0.0,0.0,0.0,0.0,0.0,0.0,0.0,0.0,0.0
DOPTIM,2.12099,1.1843,1.75764,843.153,2.41386,0.0,0.0,0.0,0.0,0.0,0.0,0.0,0.0,0.0,0.0
EZECES,4.30259,2.74461,4.30259,1959.81,1.3008,545.366,419.254,0.292401,0.224786,261.361,0.13336,0.102522,0.0,0.0,0.0
DILGIP,1.93848,1.1837,1.70072,966.335,2.08993,0.0,0.0,0.0,0.0,0.0,0.0,0.0,0.0,0.0,0.0
EJUJAW,2.39166,1.71936,2.38821,904.096,1.9029,0.0,0.0,0.0,0.0,0.0,0.0,0.0,0.0,0.0,0.0
EKUZOC,1.97475,1.14344,1.97475,2345.94,2.62696,0.0,0.0,0.0,0.0,0.0,0.0,0.0,0.0,0.0,0.0
EQOKAW,3.26839,2.82122,3.26839,3057.79,1.70781,139.278,81.554,9.68403,5.67045,144.206,0.04716,0.0276144,0.0,0.0,0.0
DOMHAR,2.12842,0.85718,1.95338,449.748,2.26024,0.0,0.0,0.0,0.0,0.0,0.0,0.0,0.0,0.0,0.0
FABFUN,2.81484,1.22069,2.81484,1896.22,1.65047,0.0,0.0,2.45115,1.48512,0.0,0.0,0.0,0.0,0.0,0.0
EMOVIM,3.29819,1.85354,3.28585,1113.2,1.86194,0.0,0.0,273.786,147.043,0.0,0.0,0.0,113.056,0.10156,0.0545453
EPAKEM,1.86216,1.2943,1.86216,1222.46,1.83712,0.0,0.0,0.0,0.0,0.0,0.0,0.0,0.0,0.0,0.0
EDOVIC,5.72591,4.87869,5.71197,1181.47,1.29288,2567.21,1985.65,0.0,0.0,617.036,0.52226,0.403951,0.0,0.0,0.0
GUJFAS,2.13717,0.8902,2.13717,244.355,2.6639,0.0,0.0,0.0,0.0,0.0,0.0,0.0,0.0,0.0,0.0
GIKPUM,2.4069,1.02517,2.39848,1213.65,1.97101,0.0,0.0,0.0,0.0,0.0,0.0,0.0,0.0,0.0,0.0
FUHNON,1.82153,0.87303,1.67584,1356.95,2.98988,0.0,0.0,0.0,0.0,0.0,0.0,0.0,0.0,0.0,0.0
GISMEC,1.52343,0.9755,1.52343,912.99,2.28459,0.0,0.0,0.0,0.0,0.0,0.0,0.0,0.0,0.0,0.0
GAKSOB,1.39836,0.73047,1.38495,283.932,2.936,0.0,0.0,0.0,0.0,0.0,0.0,0.0,0.0,0.0,0.0
GOVRUG,2.72532,1.07928,2.72532,1415.0,1.95835,0.0,0.0,6.00283,3.06525,0.0,0.0,0.0,0.0,0.0,0.0
FUHPAB,1.92335,0.95329,1.9193,487.556,2.86693,0.0,0.0,0.0,0.0,0.0,0.0,0.0,0.0,0.0,0.0
FIKRIB,2.43006,1.55704,2.07139,3553.15,1.74877,0.0,0.0,0.0,0.0,0.0,0.0,0.0,0.0,0.0,0.0
FOBZEB,2.17536,0.83127,1.82898,734.703,2.48081,0.0,0.0,0.0,0.0,0.0,0.0,0.0,0.0,0.0,0.0
FEVGIZ,2.40228,1.49236,2.36806,764.458,2.12003,0.0,0.0,0.0,0.0,0.0,0.0,0.0,0.0,0.0,0.0
GUJFEW,2.12048,1.09588,2.12048,538.491,2.50415,0.0,0.0,0.0,0.0,0.0,0.0,0.0,0.0,0.0,0.0
HACWOY,2.40873,1.05159,2.39205,1955.64,1.81172,0.0,0.0,0.0,0.0,0.0,0.0,0.0,0.0,0.0,0.0
HEHMOW,1.48505,0.32981,0.99725,1712.31,4.1389,0.0,0.0,0.0,0.0,0.0,0.0,0.0,0.0,0.0,0.0
IWOLOV,1.30856,0.78582,1.30856,206.671,2.89151,0.0,0.0,0.0,0.0,0.0,0.0,0.0,0.0,0.0,0.0
HOQFAU01,1.38521,0.82658,1.37901,296.819,2.61779,0.0,0.0,0.0,0.0,0.0,0.0,0.0,0.0,0.0,0.0
HOFRAY,4.24316,3.41071,4.22963,1375.56,3.70682,1096.7,295.859,0.0,0.0,310.298,0.22558,0.0608554,0.0,0.0,0.0
IFUXIQ,2.62457,1.39997,2.35372,1405.45,1.54068,0.0,0.0,0.0,0.0,0.0,0.0,0.0,0.0,0.0,0.0
IYEPOR,2.93979,1.51482,2.74465,1999.03,1.7226,0.0,0.0,27.6317,16.0407,0.0,0.0,0.0,30.5451,0.01528,0.00887032
IWOGIM,2.63939,1.94819,2.60668,1396.97,2.42472,0.0,0.0,0.0,0.0,0.0,0.0,0.0,0.0,0.0,0.0
HUJZIW,2.21234,1.29981,2.21029,1045.67,2.07782,0.0,0.0,0.0,0.0,0.0,0.0,0.0,0.0,0.0,0.0
IJOMAW,1.62872,0.74177,1.61866,1755.27,3.88026,0.0,0.0,0.0,0.0,0.0,0.0,0.0,0.0,0.0,0.0
IFUXAI,2.60257,1.41329,2.60257,2118.15,1.6614,0.0,0.0,0.0,0.0,0.0,0.0,0.0,0.0,0.0,0.0
HOQFAU,1.32885,0.8669,1.28154,613.102,2.53468,0.0,0.0,0.0,0.0,0.0,0.0,0.0,0.0,0.0,0.0
IHUPAE,2.60042,1.45209,2.60042,2557.15,1.48182,0.0,0.0,0.0,0.0,0.0,0.0,0.0,0.0,0.0,0.0
INALIT,2.60311,1.435,2.60311,1304.08,1.72215,0.0,0.0,0.0,0.0,0.0,0.0,0.0,0.0,0.0,0.0
LAFMUC,1.92901,1.27417,1.92518,507.35,2.25178,0.0,0.0,0.0,0.0,0.0,0.0,0.0,0.0,0.0,0.0
KIQHOH,2.16767,1.94531,2.1589,675.582,2.39893,0.0,0.0,0.0,0.0,0.0,0.0,0.0,0.0,0.0,0.0
KOBMIY,2.69755,1.45925,2.67359,8675.5,1.74609,0.0,0.0,0.132108,0.0756593,0.0,0.0,0.0,0.0,0.0,0.0
JAZJIE,5.24611,4.36953,5.24611,6988.86,1.69012,609.257,360.481,0.0,0.0,957.893,0.13706,0.0810947,0.0,0.0,0.0
JODHAM,1.61448,0.77987,1.5737,743.466,2.53705,0.0,0.0,0.0,0.0,0.0,0.0,0.0,0.0,0.0,0.0
JUPZEC,5.83099,2.25557,5.83099,1200.86,1.23124,0.0,0.0,1422.16,1155.07,0.0,0.0,0.0,416.003,0.34642,0.28136
KEQVOT,2.40696,1.29368,2.03637,1086.05,2.07362,0.0,0.0,0.0,0.0,0.0,0.0,0.0,0.0,0.0,0.0
KIBVEX,3.53826,1.93628,3.51957,998.354,1.64752,0.0,0.0,322.487,195.741,0.0,0.0,0.0,89.752,0.0899,0.0545668
KIBVOH,2.52741,1.17442,2.38233,1950.71,1.75794,0.0,0.0,0.0,0.0,0.0,0.0,0.0,0.0,0.0,0.0
JUSJAK,3.77463,1.01116,3.55053,7755.73,4.99315,0.0,0.0,134.937,27.0244,0.0,0.0,0.0,271.606,0.03502,0.00701361
KAMTOH08,1.85695,1.00146,1.51761,666.789,2.44037,0.0,0.0,0.0,0.0,0.0,0.0,0.0,0.0,0.0,0.0
LADFED,3.01927,1.14685,2.96276,1744.4,2.00863,0.0,0.0,20.9014,10.4058,0.0,0.0,0.0,25.6078,0.01468,0.00730845
JOCXEF,2.57267,1.25978,2.57224,1795.61,1.65438,0.0,0.0,0.0,0.0,0.0,0.0,0.0,0.0,0.0,0.0
KIQHOH01,2.06209,1.40374,2.04384,706.777,2.29305,0.0,0.0,0.0,0.0,0.0,0.0,0.0,0.0,0.0,0.0
JOFPOL,1.61774,1.00476,1.49269,1406.7,2.493,0.0,0.0,0.0,0.0,0.0,0.0,0.0,0.0,0.0,0.0
LINPUU,2.12905,1.4341,2.1261,1550.68,1.81713,0.0,0.0,0.0,0.0,0.0,0.0,0.0,0.0,0.0,0.0
NIHNAV,3.02391,1.25826,2.50958,783.704,2.68193,0.0,0.0,38.9659,14.5291,0.0,0.0,0.0,31.0974,0.03968,0.0147953
NENRAB,1.55638,0.80564,1.53332,1215.04,3.31725,0.0,0.0,0.0,0.0,0.0,0.0,0.0,0.0,0.0,0.0
MARQOL,1.90329,1.13712,1.74166,1020.24,2.2468,0.0,0.0,0.0,0.0,0.0,0.0,0.0,0.0,0.0,0.0
NORXAW,3.02407,1.15672,2.65349,2574.85,1.52564,0.0,0.0,13.1549,8.62256,0.0,0.0,0.0,25.4395,0.00988,0.00647599
MARXAF,2.76537,1.27027,2.76181,2078.98,1.75807,0.0,0.0,4.0373,2.29644,0.0,0.0,0.0,9.31385,0.00448,0.00254825
NOLVAN,2.22551,0.82297,2.21355,520.645,4.41175,0.0,0.0,0.0,0.0,0.0,0.0,0.0,0.0,0.0,0.0
NEDHAI,2.71676,1.83743,2.68764,1711.19,1.88656,0.0,0.0,2.02892,1.07546,0.0,0.0,0.0,0.0,0.0,0.0
NIQHUT,1.91402,1.12191,1.91402,1115.65,1.33198,0.0,0.0,0.0,0.0,0.0,0.0,0.0,0.0,0.0,0.0
MEDLAK,2.54032,2.06517,2.54032,3858.38,2.74033,0.0,0.0,0.0,0.0,0.0,0.0,0.0,0.0,0.0,0.0
MIWHUW,1.83454,0.90558,1.80376,762.086,2.8588,0.0,0.0,0.0,0.0,0.0,0.0,0.0,0.0,0.0,0.0
MEBLUA,3.53519,2.39278,3.19403,1322.5,1.74814,0.0,0.0,406.921,232.774,0.0,0.0,0.0,209.141,0.15814,0.0904621
MXAGCO,1.85227,1.22323,1.66609,852.094,1.62776,0.0,0.0,0.0,0.0,0.0,0.0,0.0,0.0,0.0,0.0
NEGDOT,2.07688,1.2394,1.88758,1555.16,2.4089,0.0,0.0,0.0,0.0,0.0,0.0,0.0,0.0,0.0,0.0
LODQIH,1.91999,1.11783,1.91953,1786.09,2.55083,0.0,0.0,0.0,0.0,0.0,0.0,0.0,0.0,0.0,0.0
MELZOT,2.14363,1.71875,2.14363,1361.85,2.0103,0.0,0.0,0.0,0.0,0.0,0.0,0.0,0.0,0.0,0.0
NOBNEA,1.77864,0.85859,1.67384,2550.41,3.31634,0.0,0.0,0.0,0.0,0.0,0.0,0.0,0.0,0.0,0.0
OBECUT,2.43843,1.01198,2.41987,849.324,1.91281,0.0,0.0,0.0,0.0,0.0,0.0,0.0,0.0,0.0,0.0
OMUHOU,1.71018,0.98901,1.69368,1714.67,1.84504,0.0,0.0,0.0,0.0,0.0,0.0,0.0,0.0,0.0,0.0
PIBSOL,2.02702,0.80484,2.02702,500.405,2.77355,0.0,0.0,0.0,0.0,0.0,0.0,0.0,0.0,0.0,0.0
POCPIG01,1.45106,0.99035,1.44176,575.784,2.65291,0.0,0.0,0.0,0.0,0.0,0.0,0.0,0.0,0.0,0.0
OMUHIO,5.24675,4.70795,5.24675,1739.27,2.35309,1620.03,688.47,0.0,0.0,554.341,0.31872,0.135448,0.0,0.0,0.0
OKOVUG,2.56188,1.03545,2.55393,1258.61,1.97462,0.0,0.0,0.0,0.0,0.0,0.0,0.0,0.0,0.0,0.0
OSONOB,2.46776,1.72758,2.29817,664.936,2.41716,0.0,0.0,0.0,0.0,0.0,0.0,0.0,0.0,0.0,0.0
OSIWIX,1.71465,0.95715,1.52881,464.578,2.71581,0.0,0.0,0.0,0.0,0.0,0.0,0.0,0.0,0.0,0.0
PAWXUJ,1.33631,0.93685,1.32408,608.387,2.55432,0.0,0.0,0.0,0.0,0.0,0.0,0.0,0.0,0.0,0.0
PARYAJ,4.24618,1.66775,4.23963,1270.76,1.9495,0.0,0.0,884.932,453.928,0.0,0.0,0.0,270.112,0.21256,0.109033
POCPIG02,1.50437,1.08122,1.49127,578.042,2.64255,0.0,0.0,0.0,0.0,0.0,0.0,0.0,0.0,0.0,0.0
PEGFAJ,1.89418,1.43355,1.8842,1660.36,2.12842,0.0,0.0,0.0,0.0,0.0,0.0,0.0,0.0,0.0,0.0
OMUHEK,1.74745,0.99273,1.73555,1725.16,1.83382,0.0,0.0,0.0,0.0,0.0,0.0,0.0,0.0,0.0,0.0
PAMBUB,2.05201,1.20887,2.03503,956.359,1.883,0.0,0.0,0.0,0.0,0.0,0.0,0.0,0.0,0.0,0.0
RIHWUC,2.87065,1.09635,2.84085,2477.1,1.53494,0.0,0.0,39.2616,25.5787,0.0,0.0,0.0,51.4742,0.02078,0.013538
RINRIR,1.94231,0.78173,1.7231,892.139,2.38569,0.0,0.0,0.0,0.0,0.0,0.0,0.0,0.0,0.0,0.0
QORYEC,2.66722,2.21903,2.65986,600.25,3.84773,0.0,0.0,2.77903,0.722252,0.0,0.0,0.0,0.0,0.0,0.0
RIGDOC,2.9289,2.05461,2.9279,3026.98,2.68063,0.0,0.0,39.106,14.5884,0.0,0.0,0.0,67.6228,0.02234,0.00833388
QOVBUA,2.40449,1.20021,2.15237,473.638,2.01977,0.0,0.0,0.0,0.0,0.0,0.0,0.0,0.0,0.0,0.0
QOFBUJ,1.67225,0.96627,1.67225,193.416,2.36072,0.0,0.0,0.0,0.0,0.0,0.0,0.0,0.0,0.0,0.0
POXNEW,1.66118,0.0,1.66118,4358.61,9.8444,0.0,0.0,0.0,0.0,0.0,0.0,0.0,0.0,0.0,0.0
QAFMAM,2.07673,0.99445,2.0126,1477.7,1.85913,0.0,0.0,0.0,0.0,0.0,0.0,0.0,0.0,0.0,0.0
RAJJUJ,2.6052,1.10425,2.59399,3098.78,1.62969,0.0,0.0,0.0,0.0,0.0,0.0,0.0,0.0,0.0,0.0
RAZBAW,2.24911,1.02444,2.23506,2903.19,1.90142,0.0,0.0,0.0,0.0,0.0,0.0,0.0,0.0,0.0,0.0
TAJXIO,3.69263,3.45097,3.69262,5237.39,2.33323,322.98,138.426,0.0,0.0,424.019,0.08096,0.0346987,0.0,0.0,0.0
TINNEK,3.47975,1.21835,3.26985,4202.62,1.80553,0.0,0.0,92.1391,51.0316,0.0,0.0,0.0,142.385,0.03388,0.0187646
TEJYAI01,1.75256,1.00233,1.75006,2470.29,2.1192,0.0,0.0,0.0,0.0,0.0,0.0,0.0,0.0,0.0,0.0
TETHIJ,4.01345,2.85023,4.00564,1557.52,2.50817,686.634,273.758,0.0,0.0,272.97,0.17526,0.0698755,0.0,0.0,0.0
TEHXUC,2.12484,1.10132,2.12484,2777.4,1.76363,0.0,0.0,0.0,0.0,0.0,0.0,0.0,0.0,0.0,0.0
SELPIL,1.86295,0.95377,1.84263,1908.31,2.33225,0.0,0.0,0.0,0.0,0.0,0.0,0.0,0.0,0.0,0.0
SEHSAA,3.14641,1.6907,3.09662,6784.07,5.05337,0.0,0.0,34.0472,6.73752,0.0,0.0,0.0,82.0872,0.0121,0.00239444
TAJXIO02,3.66669,3.45698,3.66669,5267.81,2.31975,323.589,139.493,0.0,0.0,424.902,0.08066,0.0347709,0.0,0.0,0.0
SASKUV,2.78834,1.26412,2.76807,4042.12,2.39581,0.0,0.0,3.20487,1.3377,0.0,0.0,0.0,0.0,0.0,0.0
TAJXIO03,3.62936,3.42106,3.62936,5230.85,2.33614,314.793,134.749,0.0,0.0,416.899,0.0797,0.034116,0.0,0.0,0.0
SODBOC,9.03753,8.88917,9.02814,1343.11,1.23615,1278.07,1033.91,0.0,0.0,701.021,0.52194,0.422229,0.0,0.0,0.0
SEQCEW,1.60315,1.04334,1.59473,919.834,2.00761,0.0,0.0,0.0,0.0,0.0,0.0,0.0,0.0,0.0,0.0
TOZGOE,2.01508,1.23409,2.01508,589.412,2.12463,0.0,0.0,0.0,0.0,0.0,0.0,0.0,0.0,0.0,0.0
SASLAC,2.69447,1.46092,2.3345,5916.29,2.0011,0.0,0.0,0.461895,0.230821,0.0,0.0,0.0,0.0,0.0,0.0
TIWTEZ,1.83569,1.08625,1.83569,884.521,2.92793,0.0,0.0,0.0,0.0,0.0,0.0,0.0,0.0,0.0,0.0
TOZGOE01,1.66201,1.02142,1.59169,563.005,2.22428,0.0,0.0,0.0,0.0,0.0,0.0,0.0,0.0,0.0,0.0
TAJXIO04,3.63081,3.41863,3.61802,5226.15,2.33825,311.746,133.325,0.0,0.0,415.165,0.07944,0.0339742,0.0,0.0,0.0
SODDAQ,2.14122,1.0827,2.13026,1918.54,2.33363,0.0,0.0,0.0,0.0,0.0,0.0,0.0,0.0,0.0,0.0
TAYZIF,2.73092,1.0717,2.48595,1399.41,1.88943,0.0,0.0,2.02815,1.07342,0.0,0.0,0.0,9.3201,0.00666,0.00352486
SOCLUS,1.70049,0.96038,1.69173,1131.37,2.17303,0.0,0.0,0.0,0.0,0.0,0.0,0.0,0.0,0.0,0.0
TAJXIO01,3.69381,3.48019,3.69381,5294.9,2.30789,328.714,142.431,0.0,0.0,430.899,0.08138,0.0352617,0.0,0.0,0.0
RUSNAV,2.06956,1.14487,2.06956,898.245,1.88282,0.0,0.0,0.0,0.0,0.0,0.0,0.0,0.0,0.0,0.0
VUSCER,1.9618,1.20311,1.95728,1059.56,3.20086,0.0,0.0,0.0,0.0,0.0,0.0,0.0,0.0,0.0,0.0
VOPWUT,2.51515,1.46004,2.51182,801.752,1.93609,0.0,0.0,0.0,0.0,0.0,0.0,0.0,0.0,0.0,0.0
UDIKAW,1.90257,1.22643,1.79428,1025.1,1.69511,0.0,0.0,0.0,0.0,0.0,0.0,0.0,0.0,0.0,0.0
VEMVAK,2.67349,1.9189,2.67276,1012.01,2.10751,0.0,0.0,0.0,0.0,0.0,0.0,0.0,0.0,0.0,0.0
VOYVAI,3.3424,1.59292,3.33703,637.302,1.85539,0.0,0.0,377.278,203.341,0.0,0.0,0.0,77.5341,0.12166,0.0655711
VEGMIG,3.80414,1.99939,3.59748,2463.26,1.87267,0.0,0.0,225.507,120.42,0.0,0.0,0.0,184.942,0.07508,0.0400926
UPUVEH,3.32935,1.69044,3.32513,1296.74,1.89601,0.0,0.0,140.774,74.2474,0.0,0.0,0.0,67.4307,0.052,0.027426
UWOVIN,1.96423,1.18448,1.88708,1950.65,2.5265,0.0,0.0,0.0,0.0,0.0,0.0,0.0,0.0,0.0,0.0
USODEN,3.8587,2.98325,3.8587,3198.71,1.56623,441.23,281.714,62.5229,39.9193,304.069,0.09506,0.0606934,70.6915,0.0221,0.0141103
TURNEC,5.30811,4.87518,5.30811,1947.83,1.73409,876.798,505.625,0.0,0.0,406.162,0.20852,0.120248,0.0,0.0,0.0
VABQUL,2.10065,1.18192,2.08897,3062.25,1.7663,0.0,0.0,0.0,0.0,0.0,0.0,0.0,0.0,0.0,0.0
WAXLAL,2.15756,0.92502,2.14213,2087.74,2.40206,0.0,0.0,0.0,0.0,0.0,0.0,0.0,0.0,0.0,0.0
XANNEF,2.2029,1.48721,2.19341,1879.18,1.58521,0.0,0.0,0.0,0.0,0.0,0.0,0.0,0.0,0.0,0.0
XAMXIS,2.56541,1.41133,2.50932,1609.06,2.39432,0.0,0.0,0.0,0.0,0.0,0.0,0.0,0.0,0.0,0.0
WAXLEP,1.9354,0.92008,1.9354,1664.42,2.7093,0.0,0.0,0.0,0.0,0.0,0.0,0.0,0.0,0.0,0.0
XAYQET,4.49752,2.40142,4.4916,8209.72,2.1353,0.0,0.0,998.811,467.761,0.0,0.0,0.0,1711.4,0.20846,0.0976255
WASQUD,2.23263,0.86835,2.23263,1012.01,2.16001,0.0,0.0,0.0,0.0,0.0,0.0,0.0,0.0,0.0,0.0
XAZGIR,1.62495,0.83262,1.57893,1168.65,2.30758,0.0,0.0,0.0,0.0,0.0,0.0,0.0,0.0,0.0,0.0
XIHBOG,1.87079,0.98909,1.85399,1021.49,1.7437,0.0,0.0,0.0,0.0,0.0,0.0,0.0,0.0,0.0,0.0
XEKDAU,1.72648,0.75633,1.7113,989.516,3.08719,0.0,0.0,0.0,0.0,0.0,0.0,0.0,0.0,0.0,0.0
WAXDEH,3.53003,1.05602,3.53003,1167.48,2.19899,0.0,0.0,316.75,144.044,0.0,0.0,0.0,96.8309,0.08294,0.0377174
XOMFIP,2.20905,1.62682,2.19446,892.132,1.88808,0.0,0.0,0.0,0.0,0.0,0.0,0.0,0.0,0.0,0.0
XEKCUN,1.50413,0.6349,1.30926,1106.34,3.5109,0.0,0.0,0.0,0.0,0.0,0.0,0.0,0.0,0.0,0.0
ZARGIL,1.90897,1.03409,1.81896,1367.67,2.12298,0.0,0.0,0.0,0.0,0.0,0.0,0.0,0.0,0.0,0.0
ZETTAT,1.71879,0.79262,1.70998,477.525,2.22573,0.0,0.0,0.0,0.0,0.0,0.0,0.0,0.0,0.0,0.0
YEKKAC,1.65952,0.926,1.64237,981.566,2.14541,0.0,0.0,0.0,0.0,0.0,0.0,0.0,0.0,0.0,0.0
XUXWUJ,1.72532,0.84509,1.69768,1805.83,5.79815,0.0,0.0,0.0,0.0,0.0,0.0,0.0,0.0,0.0,0.0
XUYFOM,3.06301,1.43005,2.83561,2734.14,1.58394,0.0,0.0,16.9833,10.7222,0.0,0.0,0.0,35.0517,0.01282,0.00809374
YODGUT,1.99611,1.0125,1.90229,1455.73,1.83066,0.0,0.0,0.0,0.0,0.0,0.0,0.0,0.0,0.0,0.0
YITDUC,3.18399,2.44704,3.18399,1042.97,1.87258,0.0,0.0,208.74,111.472,0.0,0.0,0.0,90.6343,0.0869,0.0464067
XUGJOZ,7.29527,5.72639,7.29527,1835.53,0.809095,2713.2,3353.38,0.0,0.0,1092.62,0.59526,0.735711,0.0,0.0,0.0
XUXWOD,1.23919,0.46818,1.22881,1658.12,6.26244,0.0,0.0,0.0,0.0,0.0,0.0,0.0,0.0,0.0,0.0
YELNUY,1.49705,0.75489,1.48857,347.055,2.63119,0.0,0.0,0.0,0.0,0.0,0.0,0.0,0.0,0.0,0.0
NASZEO,3.16024,1.23956,3.08292,2213.13,2.68101,0.0,0.0,52.8267,19.704,0.0,0.0,0.0,70.9531,0.03206,0.0119582
QETZEX,2.57597,0.97258,2.54026,3333.74,3.24648,0.0,0.0,0.0,0.0,0.0,0.0,0.0,0.0,0.0,0.0
MIHMOI,4.97519,3.84654,4.97519,7779.91,1.73913,1107.98,637.089,0.0,0.0,1764.02,0.22674,0.130375,0.0,0.0,0.0
IZUKIZ,10.48306,10.11411,10.48306,3557.08,1.20327,1525.82,1268.05,0.0,0.0,1743.47,0.49014,0.407339,0.0,0.0,0.0
GEWRIM,2.27759,1.3912,2.16485,2128.67,2.678,0.0,0.0,0.0,0.0,0.0,0.0,0.0,0.0,0.0,0.0
NASZAK,1.97325,1.0451,1.97221,887.931,2.13292,0.0,0.0,0.0,0.0,0.0,0.0,0.0,0.0,0.0,0.0
POZXAG,2.09393,1.16506,2.08522,1541.01,2.31152,0.0,0.0,0.0,0.0,0.0,0.0,0.0,0.0,0.0,0.0
GENRUO,1.97107,1.17403,1.55798,1461.75,2.32769,0.0,0.0,0.0,0.0,0.0,0.0,0.0,0.0,0.0,0.0
POZXEK,2.21712,1.02687,1.91667,1318.28,2.38833,0.0,0.0,0.0,0.0,0.0,0.0,0.0,0.0,0.0,0.0
BEFJAA,4.77902,4.53228,4.77211,1257.98,2.29708,1220.15,531.172,0.0,0.0,335.127,0.2664,0.115973,0.0,0.0,0.0
TOXJOF,3.4668,2.42367,3.46629,1888.52,2.8991,0.0,0.0,325.979,112.441,0.0,0.0,0.0,198.068,0.10488,0.0361767
MUPZEE,2.30497,1.31489,2.30067,8140.27,1.96029,0.0,0.0,0.0,0.0,0.0,0.0,0.0,0.0,0.0,0.0
DIPNOG01,3.90098,3.14753,3.75109,1647.46,1.29143,929.205,719.517,0.0,0.0,307.976,0.18694,0.144754,0.0,0.0,0.0
CADTUA,2.35372,1.27401,2.34684,867.241,1.68621,0.0,0.0,0.0,0.0,0.0,0.0,0.0,0.0,0.0,0.0
FAWQIF,2.15208,1.46533,2.15208,1933.02,1.64417,0.0,0.0,0.0,0.0,0.0,0.0,0.0,0.0,0.0,0.0
CUGROM,1.42872,0.73292,1.41572,551.325,2.26674,0.0,0.0,0.0,0.0,0.0,0.0,0.0,0.0,0.0,0.0
FAWQUR,2.1458,1.61985,2.1458,1706.44,1.65212,0.0,0.0,0.0,0.0,0.0,0.0,0.0,0.0,0.0,0.0
CATART04,2.83071,2.03893,2.83071,936.068,1.59072,0.0,0.0,13.189,8.29119,0.0,0.0,0.0,31.3208,0.03346,0.0210344
GUMHUT,2.01015,0.85084,1.99124,899.595,1.8182,0.0,0.0,0.0,0.0,0.0,0.0,0.0,0.0,0.0,0.0
CATART08,2.82121,2.04973,2.82121,934.813,1.59286,0.0,0.0,12.9901,8.15523,0.0,0.0,0.0,28.7922,0.0308,0.0193363
DIPNOG,3.86209,3.1368,3.42138,1639.67,1.29756,915.525,705.572,0.0,0.0,315.964,0.1927,0.148509,0.0,0.0,0.0
EBEZAO,2.44126,1.40853,2.15405,1169.11,2.06992,0.0,0.0,0.0,0.0,0.0,0.0,0.0,0.0,0.0,0.0
ELOFAM,1.67644,0.97489,1.67644,789.87,1.74973,0.0,0.0,0.0,0.0,0.0,0.0,0.0,0.0,0.0,0.0
AZAFIS,4.56554,2.72091,4.56554,789.923,1.67338,1311.6,783.805,0.0,0.0,242.317,0.30676,0.183318,0.0,0.0,0.0
CAASCO04,2.03314,1.11227,1.90756,787.003,1.79911,0.0,0.0,0.0,0.0,0.0,0.0,0.0,0.0,0.0,0.0
CEBCAP,3.0018,1.7719,2.94888,1452.5,1.62031,0.0,0.0,89.2984,55.112,0.0,0.0,0.0,54.7013,0.03766,0.0232425
GAWKUK,6.02519,5.80614,6.02519,2040.33,1.62942,1300.3,798.01,0.0,0.0,623.649,0.30566,0.187588,0.0,0.0,0.0
HOMMIG,2.15701,1.02036,2.15701,1039.34,1.73506,0.0,0.0,0.0,0.0,0.0,0.0,0.0,0.0,0.0,0.0
AQUYUH,2.84397,1.25184,2.3812,2123.48,1.29011,0.0,0.0,14.8738,11.5291,0.0,0.0,0.0,10.3626,0.00488,0.00378262
CUGREC,1.63776,0.90099,1.44959,1127.31,2.21715,0.0,0.0,0.0,0.0,0.0,0.0,0.0,0.0,0.0,0.0
CATART03,2.68763,1.94864,2.68568,937.313,1.58861,0.0,0.0,1.31935,0.830506,0.0,0.0,0.0,0.0,0.0,0.0
ECOPUI,2.26404,1.50959,2.26404,1603.11,1.44339,0.0,0.0,0.0,0.0,0.0,0.0,0.0,0.0,0.0,0.0
CATART06,2.72824,1.9206,2.72643,920.972,1.6168,0.0,0.0,2.28927,1.41593,0.0,0.0,0.0,0.0,0.0,0.0
FETMOH,2.06558,1.11054,2.05978,1229.03,1.62281,0.0,0.0,0.0,0.0,0.0,0.0,0.0,0.0,0.0,0.0
CASALA03,1.85505,1.38297,1.85505,1438.45,1.6177,0.0,0.0,0.0,0.0,0.0,0.0,0.0,0.0,0.0,0.0
FADTEL,1.68836,0.8864,1.68364,961.453,1.70771,0.0,0.0,0.0,0.0,0.0,0.0,0.0,0.0,0.0,0.0
GINVAB,2.19521,1.02924,1.93159,978.08,1.98757,0.0,0.0,0.0,0.0,0.0,0.0,0.0,0.0,0.0,0.0
CADTUA01,2.12289,1.29234,2.12289,867.226,1.68623,0.0,0.0,0.0,0.0,0.0,0.0,0.0,0.0,0.0,0.0
ECOPUI01,2.25034,1.40136,2.14083,1593.31,1.45227,0.0,0.0,0.0,0.0,0.0,0.0,0.0,0.0,0.0,0.0
FAWQOL,2.00403,1.52999,2.0037,1747.72,1.68156,0.0,0.0,0.0,0.0,0.0,0.0,0.0,0.0,0.0,0.0
HOYWOI,2.01839,1.09046,1.93813,1100.75,1.80856,0.0,0.0,0.0,0.0,0.0,0.0,0.0,0.0,0.0,0.0
GADFOG01,2.38521,1.706,2.27459,3614.75,1.43126,0.0,0.0,0.0,0.0,0.0,0.0,0.0,0.0,0.0,0.0
CASALA02,1.82267,1.36422,1.82267,1431.26,1.62583,0.0,0.0,0.0,0.0,0.0,0.0,0.0,0.0,0.0,0.0
EXUFAG,1.67796,0.96637,1.54655,487.105,2.15512,0.0,0.0,0.0,0.0,0.0,0.0,0.0,0.0,0.0,0.0
HOLWEL,2.53433,1.23243,2.53414,421.355,1.60906,0.0,0.0,0.0,0.0,0.0,0.0,0.0,0.0,0.0,0.0
CAHCIT01,2.77629,1.16535,2.64736,1045.36,1.69152,0.0,0.0,13.2992,7.8623,0.0,0.0,0.0,0.0,0.0,0.0
BEPNUI,1.76991,1.23654,1.64588,529.742,1.89502,0.0,0.0,0.0,0.0,0.0,0.0,0.0,0.0,0.0,0.0
HOYWUO,2.17424,1.13062,1.9829,1645.16,1.54365,0.0,0.0,0.0,0.0,0.0,0.0,0.0,0.0,0.0,0.0
HOMMEC,2.18436,1.04836,2.18436,1037.86,1.80286,0.0,0.0,0.0,0.0,0.0,0.0,0.0,0.0,0.0,0.0
CEGWER,2.82044,1.62644,2.76854,1401.33,1.9732,0.0,0.0,28.483,14.4349,0.0,0.0,0.0,13.2846,0.00948,0.00480437
CUKGAT,4.29878,3.24234,4.27898,1961.43,1.40151,674.171,481.031,0.0,0.0,279.464,0.14248,0.101662,0.0,0.0,0.0
GIHWOJ01,1.88657,1.01174,1.83082,409.312,1.62473,0.0,0.0,0.0,0.0,0.0,0.0,0.0,0.0,0.0,0.0
CAASCO03,2.04456,1.12181,1.91677,790.965,1.7901,0.0,0.0,0.0,0.0,0.0,0.0,0.0,0.0,0.0,0.0
GEZRIP,3.34069,1.5618,3.34069,801.119,1.80074,0.0,0.0,240.073,133.319,0.0,0.0,0.0,60.148,0.07508,0.041694
ECEDEY,2.45878,1.23416,2.19894,2534.04,1.41156,0.0,0.0,0.0,0.0,0.0,0.0,0.0,0.0,0.0,0.0
CATART07,2.8183,2.03242,2.8183,936.31,1.59031,0.0,0.0,14.6578,9.21695,0.0,0.0,0.0,23.2579,0.02484,0.0156196
GADFOG,2.45472,1.86528,2.45472,1807.41,1.39419,0.0,0.0,0.0,0.0,0.0,0.0,0.0,0.0,0.0,0.0
GECYES,1.89141,1.05497,1.82491,1284.34,1.84293,0.0,0.0,0.0,0.0,0.0,0.0,0.0,0.0,0.0,0.0
CAGLIS11,2.07718,0.76918,2.07718,758.993,1.74314,0.0,0.0,0.0,0.0,0.0,0.0,0.0,0.0,0.0,0.0
ELOFOA,1.56174,0.98211,1.56174,1057.79,1.79716,0.0,0.0,0.0,0.0,0.0,0.0,0.0,0.0,0.0,0.0
GISVIN,6.73738,6.21,6.73738,890.629,0.90486,1850.69,2045.28,0.0,0.0,462.824,0.51966,0.574299,0.0,0.0,0.0
ASOVEL,2.20753,1.18582,2.13914,3113.35,1.34568,0.0,0.0,0.0,0.0,0.0,0.0,0.0,0.0,0.0,0.0
HOMMOM,2.02345,1.42312,2.01315,1136.55,1.69193,0.0,0.0,0.0,0.0,0.0,0.0,0.0,0.0,0.0,0.0
QEHJUJ,1.76762,0.77426,1.66547,1043.99,1.79583,0.0,0.0,0.0,0.0,0.0,0.0,0.0,0.0,0.0,0.0
NIWLIQ,1.93787,1.19067,1.91843,980.838,1.81637,0.0,0.0,0.0,0.0,0.0,0.0,0.0,0.0,0.0,0.0
LAVHOH,3.03289,1.44661,3.00998,3836.32,1.53919,0.0,0.0,64.477,41.8901,0.0,0.0,0.0,119.003,0.03102,0.0201534
QUVGOE,4.45506,2.97678,4.45506,1242.63,1.68432,782.621,464.65,0.0,0.0,235.976,0.1899,0.112746,0.0,0.0,0.0
KAWFOD,1.86911,1.21366,1.86602,766.691,1.79501,0.0,0.0,0.0,0.0,0.0,0.0,0.0,0.0,0.0,0.0
PONWIB,2.88917,1.95194,2.63959,1474.6,1.64096,0.0,0.0,35.7566,21.7901,0.0,0.0,0.0,45.5947,0.03092,0.0188426
RAKYUX01,1.98726,0.96662,1.96701,691.609,1.74019,0.0,0.0,0.0,0.0,0.0,0.0,0.0,0.0,0.0,0.0
NOQNOY,4.85769,2.26863,4.70799,3513.64,1.51918,0.0,0.0,904.625,595.467,0.0,0.0,0.0,688.182,0.19586,0.128924
REZWIE,1.87117,1.12531,1.73839,508.317,1.62753,0.0,0.0,0.0,0.0,0.0,0.0,0.0,0.0,0.0,0.0
HOYXEZ,2.79241,1.25646,1.76475,1846.96,1.46972,0.0,0.0,6.67305,4.54037,0.0,0.0,0.0,0.0,0.0,0.0
QQQAEA01,1.97765,1.06349,1.96743,1823.39,1.69172,0.0,0.0,0.0,0.0,0.0,0.0,0.0,0.0,0.0,0.0
MUCNOO03,2.09642,1.17158,2.09642,485.913,1.77845,0.0,0.0,0.0,0.0,0.0,0.0,0.0,0.0,0.0,0.0
QUJKEM,1.36433,0.73947,1.36433,742.789,2.11207,0.0,0.0,0.0,0.0,0.0,0.0,0.0,0.0,0.0,0.0
QALQEC,2.74768,1.91614,2.73865,1559.3,1.41138,0.0,0.0,7.5189,5.32733,0.0,0.0,0.0,9.41816,0.00604,0.00427949
MUCNOO01,2.0911,1.31833,2.0911,485.963,1.77827,0.0,0.0,0.0,0.0,0.0,0.0,0.0,0.0,0.0,0.0
IWETAF01,1.75972,0.85407,1.75972,425.242,1.76654,0.0,0.0,0.0,0.0,0.0,0.0,0.0,0.0,0.0,0.0
KAQSAW,2.53798,1.43192,2.51849,1917.25,1.78535,0.0,0.0,0.0,0.0,0.0,0.0,0.0,0.0,0.0,0.0
JEYCIA,1.47199,0.81569,1.40803,1061.25,1.78009,0.0,0.0,0.0,0.0,0.0,0.0,0.0,0.0,0.0,0.0
RIYWED,4.14472,3.54746,4.1376,3638.08,1.55276,565.39,364.119,0.0,0.0,440.645,0.12112,0.0780031,0.0,0.0,0.0
ISEQIH,3.10928,2.44096,3.07692,947.062,1.87421,0.0,0.0,99.9615,53.3354,0.0,0.0,0.0,47.8456,0.05052,0.0269554
JAFWUI02,2.79123,1.59435,2.79123,1286.63,1.46732,0.0,0.0,12.5259,8.53664,0.0,0.0,0.0,31.8056,0.02472,0.0168471
JAKCAC,4.53841,3.96072,4.52397,1007.98,1.03556,1588.73,1534.18,0.0,0.0,361.239,0.35838,0.346073,0.0,0.0,0.0
PIVHIO,1.86838,0.90056,1.86771,1857.32,1.75374,0.0,0.0,0.0,0.0,0.0,0.0,0.0,0.0,0.0,0.0
OSAVUA,2.19577,1.45418,2.19358,1774.06,1.43166,0.0,0.0,0.0,0.0,0.0,0.0,0.0,0.0,0.0,0.0
JUPLOY,4.98742,1.42414,2.08247,3122.55,1.26248,0.0,0.0,420.065,332.729,0.0,0.0,0.0,328.305,0.10514,0.0832805
IWIMIL,1.97753,0.98511,1.9606,742.213,1.81848,0.0,0.0,0.0,0.0,0.0,0.0,0.0,0.0,0.0,0.0
LIWKEH01,1.8799,1.1455,1.8799,1345.49,1.65033,0.0,0.0,0.0,0.0,0.0,0.0,0.0,0.0,0.0,0.0
NEBTIA,2.0968,1.29307,1.8843,1339.22,1.51931,0.0,0.0,0.0,0.0,0.0,0.0,0.0,0.0,0.0,0.0
OMARAV,2.3779,0.9693,2.24609,696.851,1.81273,0.0,0.0,0.0,0.0,0.0,0.0,0.0,0.0,0.0,0.0
RAKYUX,1.98281,0.95986,1.90199,689.48,1.74556,0.0,0.0,0.0,0.0,0.0,0.0,0.0,0.0,0.0,0.0
ORUKIX,2.91163,1.94483,2.89972,2684.86,1.50663,0.0,0.0,6.07506,4.03223,0.0,0.0,0.0,0.0,0.0,0.0
QOSXON,2.30304,1.60578,2.29761,577.551,1.49627,0.0,0.0,0.0,0.0,0.0,0.0,0.0,0.0,0.0,0.0
KANHIU,2.07239,0.84941,2.07239,796.053,1.97075,0.0,0.0,0.0,0.0,0.0,0.0,0.0,0.0,0.0,0.0
KOPBIC,4.76625,4.57894,4.76625,485.8,1.97698,1518.61,768.15,0.0,0.0,127.668,0.2628,0.13293,0.0,0.0,0.0
OSAWEL,2.02271,1.32253,2.02271,650.528,1.57897,0.0,0.0,0.0,0.0,0.0,0.0,0.0,0.0,0.0,0.0
ICONIY,5.05322,4.52963,5.05322,1182.95,1.20843,1698.28,1405.36,0.0,0.0,413.253,0.34934,0.289087,0.0,0.0,0.0
PIJHAS,2.00948,0.88864,2.00948,950.466,1.90912,0.0,0.0,0.0,0.0,0.0,0.0,0.0,0.0,0.0,0.0
OTOWIG,2.38448,1.34083,2.32131,1837.29,1.47652,0.0,0.0,0.0,0.0,0.0,0.0,0.0,0.0,0.0,0.0
IWETAF,1.75699,0.85321,1.7118,425.104,1.76712,0.0,0.0,0.0,0.0,0.0,0.0,0.0,0.0,0.0,0.0
MUCNOO,2.05628,1.20661,2.04129,480.775,1.79745,0.0,0.0,0.0,0.0,0.0,0.0,0.0,0.0,0.0,0.0
NOQCED,1.93864,0.99053,1.77414,1515.18,1.77234,0.0,0.0,0.0,0.0,0.0,0.0,0.0,0.0,0.0,0.0
OSAWAH,2.12093,0.90497,2.12093,490.902,1.84165,0.0,0.0,0.0,0.0,0.0,0.0,0.0,0.0,0.0,0.0
JAFWUI,2.74273,1.60842,2.74273,1292.34,1.46084,0.0,0.0,5.41215,3.70482,0.0,0.0,0.0,10.4163,0.00806,0.00551738
LIWKEH,1.92929,1.12949,1.90366,1345.49,1.65033,0.0,0.0,0.0,0.0,0.0,0.0,0.0,0.0,0.0,0.0
IZACEU,2.19129,1.70356,2.1571,1853.98,1.44539,0.0,0.0,0.0,0.0,0.0,0.0,0.0,0.0,0.0,0.0
RUZCIA,2.32996,1.35984,2.01876,1488.06,1.51917,0.0,0.0,0.0,0.0,0.0,0.0,0.0,0.0,0.0,0.0
TUFJIO,2.55888,1.80601,2.54156,1195.38,1.54599,0.0,0.0,0.0,0.0,0.0,0.0,0.0,0.0,0.0,0.0
VATTAM,1.61467,1.02659,1.51914,1881.26,2.0667,0.0,0.0,0.0,0.0,0.0,0.0,0.0,0.0,0.0,0.0
VUHWEA,2.68158,1.75358,2.65713,1204.07,1.52372,0.0,0.0,0.420888,0.276224,0.0,0.0,0.0,0.0,0.0,0.0
XEHXIT,2.53751,0.99238,2.28408,2934.83,2.0444,0.0,0.0,0.0,0.0,0.0,0.0,0.0,0.0,0.0,0.0
WUFSAT,3.89191,3.15385,3.89191,1830.67,1.22752,1340.02,1091.64,0.0,0.0,543.123,0.29668,0.24169,0.0,0.0,0.0
ZOMREA,1.81824,0.96339,1.50567,2374.47,2.71226,0.0,0.0,0.0,0.0,0.0,0.0,0.0,0.0,0.0,0.0
WUCBON,2.77027,1.39952,2.21852,2729.46,1.48096,0.0,0.0,6.02882,4.07088,0.0,0.0,0.0,0.0,0.0,0.0
UTUSUY,2.96862,1.58856,2.96862,2847.76,1.77914,0.0,0.0,40.6386,22.8417,0.0,0.0,0.0,48.9814,0.0172,0.0096676
TACPIA,2.69369,1.12491,2.31222,1858.93,1.7379,0.0,0.0,0.0,0.0,0.0,0.0,0.0,0.0,0.0,0.0
RUKVIF,4.31768,3.43474,4.28788,1922.53,1.42987,610.587,427.024,0.0,0.0,256.773,0.13356,0.0934072,0.0,0.0,0.0
YIRFEN,2.66351,1.75739,2.66351,1753.08,1.63062,0.0,0.0,0.208167,0.127662,0.0,0.0,0.0,0.0,0.0,0.0
TAVGUW,2.04537,1.29712,1.97047,1734.78,1.56361,0.0,0.0,0.0,0.0,0.0,0.0,0.0,0.0,0.0,0.0
ZIDMAD,2.99754,2.47645,2.98986,2519.19,1.29864,0.0,0.0,62.2605,47.9427,0.0,0.0,0.0,76.2306,0.03026,0.0233012
WUKYIN,4.30528,3.4453,4.27667,1253.35,1.53835,457.937,297.68,0.0,0.0,138.645,0.11062,0.0719081,0.0,0.0,0.0
XEQMOV02,2.35596,1.02027,1.99631,1652.17,1.47296,0.0,0.0,0.0,0.0,0.0,0.0,0.0,0.0,0.0,0.0
XEQMOV,2.34557,1.01373,1.98802,1643.23,1.48097,0.0,0.0,0.0,0.0,0.0,0.0,0.0,0.0,0.0,0.0
WUWRUC,2.15551,1.29935,2.10981,1212.7,1.55775,0.0,0.0,0.0,0.0,0.0,0.0,0.0,0.0,0.0,0.0
TECSOJ,5.14487,4.42437,4.83942,479.399,0.901306,2542.99,2821.45,0.0,0.0,234.11,0.48834,0.541814,0.0,0.0,0.0
TODJEB,9.59615,7.35475,9.59615,5171.78,0.696738,2209.84,3171.69,0.0,0.0,2900.95,0.56092,0.805066,0.0,0.0,0.0
TAVGOQ,2.24456,1.23671,2.14459,623.915,1.71552,0.0,0.0,0.0,0.0,0.0,0.0,0.0,0.0,0.0,0.0
TAVHOR,5.03812,1.04213,5.03812,1757.09,1.41508,0.0,0.0,578.205,408.602,0.0,0.0,0.0,239.983,0.13658,0.0965173
SOHZEX,3.56883,3.0286,3.56883,1676.86,1.38773,841.934,606.697,0.0,0.0,289.058,0.17238,0.124217,0.0,0.0,0.0
VECCUC,1.67129,0.74295,1.52573,532.925,2.92304,0.0,0.0,0.0,0.0,0.0,0.0,0.0,0.0,0.0,0.0
PIRSUG,1.90777,0.7753,1.90284,1039.21,3.28152,0.0,0.0,0.0,0.0,0.0,0.0,0.0,0.0,0.0,0.0
MOJTUC,3.81706,1.57941,3.79985,2968.79,2.11025,0.0,0.0,422.433,200.182,0.0,0.0,0.0,352.692,0.1188,0.0562967
ANINAN,2.39008,1.20044,2.38081,2394.05,1.59912,0.0,0.0,0.0,0.0,0.0,0.0,0.0,0.0,0.0,0.0
SOHYIZ,1.62371,0.63899,1.62371,892.536,2.41077,0.0,0.0,0.0,0.0,0.0,0.0,0.0,0.0,0.0,0.0
ILUWUH01,2.15212,1.15277,2.15135,883.314,2.1659,0.0,0.0,0.0,0.0,0.0,0.0,0.0,0.0,0.0,0.0
CEGPOU,1.97786,0.81383,1.97786,1632.8,2.48903,0.0,0.0,0.0,0.0,0.0,0.0,0.0,0.0,0.0,0.0
SOHYEV,1.50333,0.86499,1.50333,347.091,2.70775,0.0,0.0,0.0,0.0,0.0,0.0,0.0,0.0,0.0,0.0
IDIYOJ,4.21989,2.74244,4.20892,5688.88,1.86549,485.984,260.513,0.0,0.0,644.55,0.1133,0.0607348,0.0,0.0,0.0
OCORIK01,1.87145,1.37484,1.87145,927.169,2.32125,0.0,0.0,0.0,0.0,0.0,0.0,0.0,0.0,0.0,0.0
BOXDID,1.92877,1.00899,1.92877,696.804,2.74461,0.0,0.0,0.0,0.0,0.0,0.0,0.0,0.0,0.0,0.0
NUMSIX,2.73015,1.31474,2.73015,1828.81,1.38874,0.0,0.0,1.79592,1.2932,0.0,0.0,0.0,0.0,0.0,0.0
UHOSUG,1.5752,0.7006,1.56613,1048.92,3.33603,0.0,0.0,0.0,0.0,0.0,0.0,0.0,0.0,0.0,0.0
VAWTAO,2.01996,1.01056,1.83235,2971.41,2.35163,0.0,0.0,0.0,0.0,0.0,0.0,0.0,0.0,0.0,0.0
OVACIA,1.78752,1.06368,1.67976,861.821,2.21991,0.0,0.0,0.0,0.0,0.0,0.0,0.0,0.0,0.0,0.0
OCUMUU01,2.43678,0.9487,2.43678,907.139,1.82369,0.0,0.0,0.0,0.0,0.0,0.0,0.0,0.0,0.0,0.0
ILUWUH02,2.43702,1.88621,2.38687,889.619,2.15055,0.0,0.0,0.0,0.0,0.0,0.0,0.0,0.0,0.0,0.0
XAHZIQ,2.02077,0.73351,2.01783,716.829,2.61286,0.0,0.0,0.0,0.0,0.0,0.0,0.0,0.0,0.0,0.0
BESXED,1.51269,0.77632,1.31662,390.482,2.41543,0.0,0.0,0.0,0.0,0.0,0.0,0.0,0.0,0.0,0.0
FAVMEX,2.38192,1.17637,2.3545,953.132,1.79884,0.0,0.0,0.0,0.0,0.0,0.0,0.0,0.0,0.0,0.0
MEYGAY,1.63681,0.92057,1.6183,802.2,3.59275,0.0,0.0,0.0,0.0,0.0,0.0,0.0,0.0,0.0,0.0
KUZHEU,2.18403,0.90471,2.18403,468.116,2.25953,0.0,0.0,0.0,0.0,0.0,0.0,0.0,0.0,0.0,0.0
WERHOR,1.56592,1.20231,1.56592,511.228,2.81896,0.0,0.0,0.0,0.0,0.0,0.0,0.0,0.0,0.0,0.0
FUXBUX,4.31898,1.81533,4.31898,1240.65,1.56924,0.0,0.0,560.037,356.884,0.0,0.0,0.0,159.151,0.12828,0.0817465
KOLLON,1.81623,0.96393,1.80724,1926.3,2.15976,0.0,0.0,0.0,0.0,0.0,0.0,0.0,0.0,0.0,0.0
LAVYOX,2.34265,0.85827,2.34007,2278.1,2.3445,0.0,0.0,0.0,0.0,0.0,0.0,0.0,0.0,0.0,0.0
PIRTAN,1.71264,0.90411,1.69368,910.806,2.32261,0.0,0.0,0.0,0.0,0.0,0.0,0.0,0.0,0.0,0.0
GOTYUL,2.43343,1.10566,2.43228,925.933,1.88753,0.0,0.0,0.0,0.0,0.0,0.0,0.0,0.0,0.0,0.0
MOJVEO,2.5285,1.40627,2.50363,5425.63,1.47986,0.0,0.0,0.0,0.0,0.0,0.0,0.0,0.0,0.0,0.0
KUZSIJ,2.27784,1.35015,1.91208,871.506,1.94213,0.0,0.0,0.0,0.0,0.0,0.0,0.0,0.0,0.0,0.0
LAVYOX01,2.33905,0.83563,2.26668,2294.0,2.32825,0.0,0.0,0.0,0.0,0.0,0.0,0.0,0.0,0.0,0.0
OSOLIU,1.75638,1.05877,1.75471,1201.89,3.40964,0.0,0.0,0.0,0.0,0.0,0.0,0.0,0.0,0.0,0.0
YAPREQ,3.03857,1.27747,3.03857,3579.39,1.70073,0.0,0.0,31.0284,18.2442,0.0,0.0,0.0,41.6641,0.01164,0.00684413
POQGIO,2.06188,1.03668,1.65109,491.963,2.21457,0.0,0.0,0.0,0.0,0.0,0.0,0.0,0.0,0.0,0.0
OCORIK,1.88373,1.37641,1.88373,927.169,2.32125,0.0,0.0,0.0,0.0,0.0,0.0,0.0,0.0,0.0,0.0
MEYHAZ,2.2527,1.1531,2.0017,627.881,2.11611,0.0,0.0,0.0,0.0,0.0,0.0,0.0,0.0,0.0,0.0
MINLIG,1.66294,1.21468,1.55527,682.199,2.03078,0.0,0.0,0.0,0.0,0.0,0.0,0.0,0.0,0.0,0.0
QURJES,1.74522,1.02431,1.67236,857.476,1.96833,0.0,0.0,0.0,0.0,0.0,0.0,0.0,0.0,0.0,0.0
ILUWUH,2.12436,1.13045,2.11632,876.97,2.18156,0.0,0.0,0.0,0.0,0.0,0.0,0.0,0.0,0.0,0.0
SINYAS,2.19526,1.17922,2.19526,2054.77,1.62386,0.0,0.0,0.0,0.0,0.0,0.0,0.0,0.0,0.0,0.0
KUZHAQ,2.18277,0.88411,2.0396,467.636,2.26185,0.0,0.0,0.0,0.0,0.0,0.0,0.0,0.0,0.0,0.0
IPUHUW,1.95297,1.06679,1.9182,1479.63,1.82334,0.0,0.0,0.0,0.0,0.0,0.0,0.0,0.0,0.0,0.0
KAFPOX,3.0067,1.4282,3.0067,2014.82,1.73299,0.0,0.0,22.8887,13.2076,0.0,0.0,0.0,32.9221,0.01634,0.00942878
GARZIL,1.73566,0.82903,1.29017,1277.69,5.63804,0.0,0.0,0.0,0.0,0.0,0.0,0.0,0.0,0.0,0.0
RIPMIP,5.62472,3.56675,5.61904,3992.62,1.35313,1588.09,1173.65,0.0,0.0,1240.19,0.31062,0.229557,0.0,0.0,0.0
AKEFAA,1.32345,0.60659,1.27736,872.131,1.8371,0.0,0.0,0.0,0.0,0.0,0.0,0.0,0.0,0.0,0.0
CISJEU,2.02684,1.22378,1.93013,1140.01,2.02511,0.0,0.0,0.0,0.0,0.0,0.0,0.0,0.0,0.0,0.0
AGUDUB,3.5075,1.20763,3.19229,10887.6,1.20936,0.0,0.0,143.559,118.707,0.0,0.0,0.0,348.838,0.03204,0.0264934
EVAJUG,2.90919,1.67431,2.89837,2494.72,1.85952,0.0,0.0,25.4933,13.7096,0.0,0.0,0.0,38.2191,0.01532,0.00823869
CEFHOM,2.49189,0.4525,1.6983,1361.34,2.04863,0.0,0.0,0.0,0.0,0.0,0.0,0.0,0.0,0.0,0.0
DURMEJ,1.69425,1.03064,1.51931,934.043,1.68714,0.0,0.0,0.0,0.0,0.0,0.0,0.0,0.0,0.0,0.0
APIQAS,2.37681,1.45559,2.34284,2140.84,1.57501,0.0,0.0,0.0,0.0,0.0,0.0,0.0,0.0,0.0,0.0
BIYNEE,2.6956,1.33345,2.67045,6959.07,2.13553,0.0,0.0,0.05244,0.0245559,0.0,0.0,0.0,0.0,0.0,0.0
BIXYUE,2.70392,1.3527,2.61973,6936.99,2.149,0.0,0.0,0.187822,0.0873999,0.0,0.0,0.0,0.0,0.0,0.0
DUFGOB,4.73536,3.91356,4.73536,4086.88,1.78265,384.662,215.781,0.0,0.0,330.302,0.08082,0.045337,0.0,0.0,0.0
COQTAE,2.4198,1.30958,2.4198,1152.14,1.42617,0.0,0.0,0.0,0.0,0.0,0.0,0.0,0.0,0.0,0.0
BIYNII,2.70246,1.32917,2.69039,6949.87,2.14341,0.0,0.0,0.105019,0.0489961,0.0,0.0,0.0,0.0,0.0,0.0
FAFDEX,2.32016,1.56088,2.29209,581.243,2.49975,0.0,0.0,0.0,0.0,0.0,0.0,0.0,0.0,0.0,0.0
ECACUK,3.93598,1.79368,3.87321,4455.05,1.26773,0.0,0.0,411.799,324.832,0.0,0.0,0.0,537.011,0.12054,0.0950835
EJODOY,2.39666,1.38054,2.39289,3763.86,1.44145,0.0,0.0,0.0,0.0,0.0,0.0,0.0,0.0,0.0,0.0
DAYGOB,1.98002,1.29617,1.98002,573.743,2.6869,0.0,0.0,0.0,0.0,0.0,0.0,0.0,0.0,0.0,0.0
ATITAY,2.27582,1.33262,2.26915,1991.92,1.1025,0.0,0.0,0.0,0.0,0.0,0.0,0.0,0.0,0.0,0.0
CEFHOM01,2.41114,0.40602,2.41114,1357.18,2.0549,0.0,0.0,0.0,0.0,0.0,0.0,0.0,0.0,0.0,0.0
AVANOD,2.80306,1.1554,2.73624,1251.57,1.50088,0.0,0.0,2.87992,1.91883,0.0,0.0,0.0,0.0,0.0,0.0
FAFMAD,1.92717,1.29264,1.73239,521.145,1.69667,0.0,0.0,0.0,0.0,0.0,0.0,0.0,0.0,0.0,0.0
ATIVIL,1.91974,0.61434,1.91763,3198.25,1.65091,0.0,0.0,0.0,0.0,0.0,0.0,0.0,0.0,0.0,0.0
EWADAH,1.91605,1.44991,1.75473,1175.33,1.76464,0.0,0.0,0.0,0.0,0.0,0.0,0.0,0.0,0.0,0.0
DOHVOM,1.55329,1.03961,1.48149,6848.19,2.39933,0.0,0.0,0.0,0.0,0.0,0.0,0.0,0.0,0.0,0.0
AWOLUU,1.90262,0.96112,1.85718,1940.36,1.62477,0.0,0.0,0.0,0.0,0.0,0.0,0.0,0.0,0.0,0.0
EDUPUP,3.0333,2.29143,3.02861,928.009,1.59612,0.0,0.0,80.4303,50.3912,0.0,0.0,0.0,38.1968,0.04116,0.0257876
BIXZIT,2.67117,1.33445,2.67117,6972.52,2.14145,0.0,0.0,0.0523388,0.0244409,0.0,0.0,0.0,0.0,0.0,0.0
BIYNAA,2.65686,1.31028,2.51826,6935.67,2.13534,0.0,0.0,0.0,0.0,0.0,0.0,0.0,0.0,0.0,0.0
DIFTOD,1.74841,1.26375,1.74841,864.826,2.03275,0.0,0.0,0.0,0.0,0.0,0.0,0.0,0.0,0.0,0.0
EDAKIE,1.99186,1.20373,1.64121,718.215,1.75892,0.0,0.0,0.0,0.0,0.0,0.0,0.0,0.0,0.0,0.0
FAFMAD01,2.00038,1.23711,1.84728,521.145,1.69667,0.0,0.0,0.0,0.0,0.0,0.0,0.0,0.0,0.0,0.0
CUPQUA,1.71789,0.8607,1.61645,1049.46,1.50494,0.0,0.0,0.0,0.0,0.0,0.0,0.0,0.0,0.0,0.0
FAPWOL,1.57126,0.52612,1.57126,446.287,1.70475,0.0,0.0,0.0,0.0,0.0,0.0,0.0,0.0,0.0,0.0
BUTCUQ,1.53541,0.9445,1.40136,1054.69,1.81572,0.0,0.0,0.0,0.0,0.0,0.0,0.0,0.0,0.0,0.0
CONWOS,2.31071,1.32663,2.31071,861.868,1.45853,0.0,0.0,0.0,0.0,0.0,0.0,0.0,0.0,0.0,0.0
DEFGEB,2.20962,1.21077,2.20526,1103.31,1.40415,0.0,0.0,0.0,0.0,0.0,0.0,0.0,0.0,0.0,0.0
DOKPAV,2.49364,1.26525,2.48617,2333.17,1.52728,0.0,0.0,0.0,0.0,0.0,0.0,0.0,0.0,0.0,0.0
BASVIB,5.37985,1.6898,5.37243,5213.49,1.12514,0.0,0.0,824.332,732.651,0.0,0.0,0.0,984.307,0.1888,0.167802
GENGEL,2.86631,1.1287,2.86631,1335.91,1.93618,0.0,0.0,46.4505,23.9908,0.0,0.0,0.0,29.8709,0.02236,0.0115485
KEHWAY03,2.12116,0.82057,2.11057,1367.16,1.76004,0.0,0.0,0.0,0.0,0.0,0.0,0.0,0.0,0.0,0.0
HOYDIJ,1.92106,0.97563,1.55846,954.297,1.84555,0.0,0.0,0.0,0.0,0.0,0.0,0.0,0.0,0.0,0.0
IDEDAY,1.91822,0.70732,1.88025,1217.01,1.98899,0.0,0.0,0.0,0.0,0.0,0.0,0.0,0.0,0.0,0.0
GAHQUE,3.46345,2.13508,3.2943,3837.64,1.54319,0.0,0.0,191.609,124.164,0.0,0.0,0.0,251.519,0.06554,0.0424704
HILTEB,2.39221,1.39621,2.39221,973.879,1.20551,0.0,0.0,0.0,0.0,0.0,0.0,0.0,0.0,0.0,0.0
GUZNOH,1.8495,0.99616,1.8495,526.121,1.81999,0.0,0.0,0.0,0.0,0.0,0.0,0.0,0.0,0.0,0.0
IWOKUA,1.76274,0.85776,1.75534,1343.84,1.71157,0.0,0.0,0.0,0.0,0.0,0.0,0.0,0.0,0.0,0.0
HUTXIG,2.40205,1.56472,2.0752,2392.56,1.84092,0.0,0.0,0.0,0.0,0.0,0.0,0.0,0.0,0.0,0.0
ITADAL,1.7488,1.06471,1.71507,406.486,1.60338,0.0,0.0,0.0,0.0,0.0,0.0,0.0,0.0,0.0,0.0
GUTDUX,2.67888,1.46211,2.6602,4020.1,1.09885,0.0,0.0,0.0,0.0,0.0,0.0,0.0,0.0,0.0,0.0
GIFXEA,2.28091,0.99148,2.26793,883.446,1.49771,0.0,0.0,0.0,0.0,0.0,0.0,0.0,0.0,0.0,0.0
KAZHEZ,2.3766,1.42925,2.36819,2020.94,1.70115,0.0,0.0,0.0,0.0,0.0,0.0,0.0,0.0,0.0,0.0
JOKNOO,5.80037,5.43387,5.80037,2897.34,1.51679,1165.17,768.183,0.0,0.0,740.328,0.25552,0.168461,0.0,0.0,0.0
GAZKOJ,2.87032,1.05687,2.86159,3591.98,1.49729,0.0,0.0,8.44365,5.63927,0.0,0.0,0.0,0.0,0.0,0.0
JEHPAO,2.19397,1.19401,2.19397,2913.1,1.67089,0.0,0.0,0.0,0.0,0.0,0.0,0.0,0.0,0.0,0.0
JUJLOS,2.58582,0.69715,2.58582,878.368,2.38184,0.0,0.0,0.0,0.0,0.0,0.0,0.0,0.0,0.0,0.0
GAHQOY,3.32919,2.03268,3.32228,3803.02,1.55387,0.0,0.0,158.588,102.06,0.0,0.0,0.0,223.161,0.05868,0.0377637
GAHQEO,3.47058,2.1017,3.25684,3837.83,1.51882,0.0,0.0,170.406,112.197,0.0,0.0,0.0,235.797,0.06144,0.0404525
KEHWAY,1.98881,0.79404,1.78224,1347.08,1.78629,0.0,0.0,0.0,0.0,0.0,0.0,0.0,0.0,0.0,0.0
JEFVIA,1.80503,0.7346,1.71196,1507.17,1.86968,0.0,0.0,0.0,0.0,0.0,0.0,0.0,0.0,0.0,0.0
KEHWEC,1.92294,0.78411,1.81308,1342.07,1.79296,0.0,0.0,0.0,0.0,0.0,0.0,0.0,0.0,0.0,0.0
HODCAH,1.98844,0.97946,1.81841,2299.31,1.65726,0.0,0.0,0.0,0.0,0.0,0.0,0.0,0.0,0.0,0.0
KEHWAY02,2.06242,0.80724,1.97345,1358.34,1.77148,0.0,0.0,0.0,0.0,0.0,0.0,0.0,0.0,0.0,0.0
KDGLUC01,1.27563,0.68437,1.23917,442.956,1.8611,0.0,0.0,0.0,0.0,0.0,0.0,0.0,0.0,0.0,0.0
JUDWAI,2.04038,1.08398,2.04038,1267.7,1.72223,0.0,0.0,0.0,0.0,0.0,0.0,0.0,0.0,0.0,0.0
GUDJEW,1.57163,0.93501,1.52176,2579.22,2.08335,0.0,0.0,0.0,0.0,0.0,0.0,0.0,0.0,0.0,0.0
IFUKIE,2.33699,1.17709,2.33699,2163.56,1.58582,0.0,0.0,0.0,0.0,0.0,0.0,0.0,0.0,0.0,0.0
GUNSAJ,1.61606,1.00381,1.52553,3475.55,1.7258,0.0,0.0,0.0,0.0,0.0,0.0,0.0,0.0,0.0,0.0
JOFLEX,1.89228,0.74254,1.80864,450.341,2.29794,0.0,0.0,0.0,0.0,0.0,0.0,0.0,0.0,0.0,0.0
IFIBAB,2.09084,1.53692,2.08951,761.364,2.16631,0.0,0.0,0.0,0.0,0.0,0.0,0.0,0.0,0.0,0.0
GAHQIS,3.48967,2.11358,3.42084,3834.99,1.53178,0.0,0.0,188.17,122.844,0.0,0.0,0.0,239.841,0.06254,0.0408284
KEHWAY01,1.94146,0.79675,1.89324,1345.59,1.78826,0.0,0.0,0.0,0.0,0.0,0.0,0.0,0.0,0.0,0.0
KAMYED,2.15547,0.75699,2.15547,1125.62,1.65392,0.0,0.0,0.0,0.0,0.0,0.0,0.0,0.0,0.0,0.0
FUMJIJ,1.87482,1.17546,1.86924,2660.14,1.86461,0.0,0.0,0.0,0.0,0.0,0.0,0.0,0.0,0.0,0.0
IQAYIL01,1.26792,0.18874,1.25608,492.533,1.9706,0.0,0.0,0.0,0.0,0.0,0.0,0.0,0.0,0.0,0.0
JAHKAH,2.31971,1.26521,1.75896,2503.38,1.41181,0.0,0.0,0.0,0.0,0.0,0.0,0.0,0.0,0.0,0.0
GAHQAK,3.41452,2.13593,3.2622,3830.83,1.52519,0.0,0.0,147.047,96.4125,0.0,0.0,0.0,218.434,0.05702,0.0373855
GIFKAI,2.27944,0.96245,2.02504,1335.37,1.51871,0.0,0.0,0.0,0.0,0.0,0.0,0.0,0.0,0.0,0.0
FUBTUU,3.32885,1.42213,3.32282,4905.29,1.72692,0.0,0.0,67.3828,39.019,0.0,0.0,0.0,121.062,0.02468,0.0142913
GEBCAT,4.03535,3.58726,4.03535,5232.91,1.59964,1664.76,1040.71,0.0,0.0,1517.65,0.29002,0.181303,0.0,0.0,0.0
KEKXEF,1.6208,0.85753,1.56553,978.875,2.44486,0.0,0.0,0.0,0.0,0.0,0.0,0.0,0.0,0.0,0.0
ODAJEI,2.59602,1.48934,2.42848,2059.6,1.87568,0.0,0.0,0.0,0.0,0.0,0.0,0.0,0.0,0.0,0.0
KHPHAL13,2.24296,1.13568,1.55326,827.576,1.63909,0.0,0.0,0.0,0.0,0.0,0.0,0.0,0.0,0.0,0.0
KHPHAL12,2.20623,1.05338,1.49956,813.336,1.66779,0.0,0.0,0.0,0.0,0.0,0.0,0.0,0.0,0.0,0.0
MUVFUH,1.56863,0.82435,1.52158,1813.35,1.96903,0.0,0.0,0.0,0.0,0.0,0.0,0.0,0.0,0.0,0.0
NAHXEZ,2.11453,1.17596,2.03371,1220.31,1.61587,0.0,0.0,0.0,0.0,0.0,0.0,0.0,0.0,0.0,0.0
KHPHAL07,2.27634,1.19675,2.23846,831.468,1.63142,0.0,0.0,0.0,0.0,0.0,0.0,0.0,0.0,0.0,0.0
KNATAR22,1.54933,0.70734,1.52743,1057.61,1.77243,0.0,0.0,0.0,0.0,0.0,0.0,0.0,0.0,0.0,0.0
OGALAK,1.67362,0.65087,1.65915,678.888,1.8999,0.0,0.0,0.0,0.0,0.0,0.0,0.0,0.0,0.0,0.0
MABBEZ,1.23733,0.59047,1.23442,472.585,2.03997,0.0,0.0,0.0,0.0,0.0,0.0,0.0,0.0,0.0,0.0
KHPHAL03,2.2655,1.1294,2.22693,830.272,1.63377,0.0,0.0,0.0,0.0,0.0,0.0,0.0,0.0,0.0,0.0
OLEXIM,2.82527,1.20171,2.80626,3435.53,1.22369,0.0,0.0,14.6188,11.9465,0.0,0.0,0.0,10.3753,0.00302,0.00246794
KOFSOP,3.07406,0.77471,3.05994,3557.73,2.01922,0.0,0.0,87.5898,43.3781,0.0,0.0,0.0,95.9875,0.02698,0.0133616
NAYFIE,2.23358,1.21009,2.22577,5823.83,1.41356,0.0,0.0,0.0,0.0,0.0,0.0,0.0,0.0,0.0,0.0
KHPHAL06,2.18306,1.04876,2.15005,810.686,1.67324,0.0,0.0,0.0,0.0,0.0,0.0,0.0,0.0,0.0,0.0
KHPHAL04,2.18819,0.95616,2.16637,807.137,1.6806,0.0,0.0,0.0,0.0,0.0,0.0,0.0,0.0,0.0,0.0
NUMSAP,2.09631,1.4857,2.09631,1718.41,1.11537,0.0,0.0,0.0,0.0,0.0,0.0,0.0,0.0,0.0,0.0
KNATAR24,1.548,0.64308,1.50148,1033.91,1.81306,0.0,0.0,0.0,0.0,0.0,0.0,0.0,0.0,0.0,0.0
NEPMAY,2.66743,2.01871,2.66743,1152.8,1.69555,0.0,0.0,0.316562,0.186702,0.0,0.0,0.0,0.0,0.0,0.0
OBAWAS,1.66763,0.90303,1.52291,608.59,1.6773,0.0,0.0,0.0,0.0,0.0,0.0,0.0,0.0,0.0,0.0
NIYNAK,2.46829,1.44399,2.46344,5588.07,1.06458,0.0,0.0,0.0,0.0,0.0,0.0,0.0,0.0,0.0,0.0
NENVOU,2.07397,0.98897,1.78423,914.522,1.74768,0.0,0.0,0.0,0.0,0.0,0.0,0.0,0.0,0.0,0.0
MEMFEP,2.21494,1.27341,2.12028,2355.15,1.63483,0.0,0.0,0.0,0.0,0.0,0.0,0.0,0.0,0.0,0.0
MUMNOX,2.17735,0.96225,2.17735,825.655,1.55458,0.0,0.0,0.0,0.0,0.0,0.0,0.0,0.0,0.0,0.0
KOMVIT,1.213,0.35078,1.213,3384.6,3.76137,0.0,0.0,0.0,0.0,0.0,0.0,0.0,0.0,0.0,0.0
NAYFEA,2.77434,1.23042,2.77434,2937.06,1.33588,0.0,0.0,3.89424,2.9151,0.0,0.0,0.0,8.75243,0.00298,0.00223073
MIJJAS,2.55107,1.21743,2.52761,4720.14,1.64152,0.0,0.0,0.0,0.0,0.0,0.0,0.0,0.0,0.0,0.0
KHPHAL08,2.25311,1.14275,2.22064,825.007,1.6442,0.0,0.0,0.0,0.0,0.0,0.0,0.0,0.0,0.0,0.0
LUPHAF,2.22405,1.12849,1.8001,3337.73,1.43059,0.0,0.0,0.0,0.0,0.0,0.0,0.0,0.0,0.0,0.0
KNATAR23,1.55102,0.63761,1.53337,1034.07,1.81279,0.0,0.0,0.0,0.0,0.0,0.0,0.0,0.0,0.0,0.0
KIJLAQ,2.42011,1.28955,2.13674,1320.55,2.15938,0.0,0.0,0.0,0.0,0.0,0.0,0.0,0.0,0.0,0.0
KHPHAL02,2.21414,1.05072,2.19208,818.612,1.65704,0.0,0.0,0.0,0.0,0.0,0.0,0.0,0.0,0.0,0.0
LATCEQ,2.4904,1.35601,2.39487,4280.28,1.41697,0.0,0.0,0.0,0.0,0.0,0.0,0.0,0.0,0.0,0.0
KNATDL02,1.828,0.85762,1.67029,532.879,1.75888,0.0,0.0,0.0,0.0,0.0,0.0,0.0,0.0,0.0,0.0
OGALAK01,1.68082,0.66372,1.66847,682.549,1.88971,0.0,0.0,0.0,0.0,0.0,0.0,0.0,0.0,0.0,0.0
NIKTAE,1.97437,0.74155,1.90358,1247.91,1.91055,0.0,0.0,0.0,0.0,0.0,0.0,0.0,0.0,0.0,0.0
NIYMUD,2.6134,1.441,2.49485,4184.75,1.10033,0.0,0.0,0.0,0.0,0.0,0.0,0.0,0.0,0.0,0.0
OMUJEM,2.70647,1.40646,2.69696,2106.96,1.37598,0.0,0.0,0.964794,0.701168,0.0,0.0,0.0,0.0,0.0,0.0
NEFJOA,0.97694,0.36769,0.96764,487.046,2.00298,0.0,0.0,0.0,0.0,0.0,0.0,0.0,0.0,0.0,0.0
KHPHAL05,2.20549,1.00944,2.19485,813.106,1.66826,0.0,0.0,0.0,0.0,0.0,0.0,0.0,0.0,0.0,0.0
NIZFAG,3.95788,3.43915,3.9554,2826.55,1.3401,1321.73,986.289,0.0,0.0,707.429,0.25028,0.186762,0.0,0.0,0.0
SISPAO,2.2955,1.5571,2.15227,997.592,1.58625,0.0,0.0,0.0,0.0,0.0,0.0,0.0,0.0,0.0,0.0
QIQFUT,1.2866,0.17574,0.67072,1380.52,2.54331,0.0,0.0,0.0,0.0,0.0,0.0,0.0,0.0,0.0,0.0
PONRUH,1.64531,0.77705,1.64279,461.228,1.94629,0.0,0.0,0.0,0.0,0.0,0.0,0.0,0.0,0.0,0.0
QIJNOO,4.10617,3.34931,3.93142,2066.31,1.55094,1109.3,715.245,0.0,0.0,433.14,0.20962,0.135157,0.0,0.0,0.0
OVABUL,1.71319,1.17562,1.71101,960.662,1.59203,0.0,0.0,0.0,0.0,0.0,0.0,0.0,0.0,0.0,0.0
PICYAE01,3.74155,1.02975,3.69149,3139.71,1.84444,0.0,0.0,317.829,172.317,0.0,0.0,0.0,285.337,0.09088,0.0492723
TAJLUN,1.14576,0.47901,1.14576,3466.12,3.25669,0.0,0.0,0.0,0.0,0.0,0.0,0.0,0.0,0.0,0.0
TAFSOJ,2.61388,1.03734,1.83954,1457.96,1.46588,0.0,0.0,0.0,0.0,0.0,0.0,0.0,0.0,0.0,0.0
QOSZOO,2.62382,1.43928,2.50277,2085.98,1.61323,0.0,0.0,0.0,0.0,0.0,0.0,0.0,0.0,0.0,0.0
RUQROK,1.94231,1.12282,1.90386,2911.11,1.95474,0.0,0.0,0.0,0.0,0.0,0.0,0.0,0.0,0.0,0.0
OYEYEZ,2.84546,1.05098,2.75143,2425.01,1.7482,0.0,0.0,6.44861,3.68872,0.0,0.0,0.0,0.0,0.0,0.0
POMTOC,1.71872,1.10584,1.71286,1426.26,1.85009,0.0,0.0,0.0,0.0,0.0,0.0,0.0,0.0,0.0,0.0
OWUVOS,8.65846,7.98224,8.65487,1867.06,0.747896,1781.29,2381.73,0.0,0.0,1074.75,0.57564,0.769679,0.0,0.0,0.0
OPOKIO,2.52176,1.18354,2.28402,2157.0,1.56492,0.0,0.0,0.0,0.0,0.0,0.0,0.0,0.0,0.0,0.0
PABRIW,1.8201,0.94601,1.80766,1305.76,1.9092,0.0,0.0,0.0,0.0,0.0,0.0,0.0,0.0,0.0,0.0
ROSJUG,1.74765,0.67481,1.7251,5341.21,2.00342,0.0,0.0,0.0,0.0,0.0,0.0,0.0,0.0,0.0,0.0
QACGAF,2.07107,1.30515,2.05052,3438.45,1.55983,0.0,0.0,0.0,0.0,0.0,0.0,0.0,0.0,0.0,0.0
RIBDAI,2.39109,1.38345,2.38349,1894.39,1.6494,0.0,0.0,0.0,0.0,0.0,0.0,0.0,0.0,0.0,0.0
RAKYIL,2.00648,1.07106,2.0041,736.751,1.80539,0.0,0.0,0.0,0.0,0.0,0.0,0.0,0.0,0.0,0.0
QACGIN,1.87467,1.26879,1.86497,2349.07,1.64025,0.0,0.0,0.0,0.0,0.0,0.0,0.0,0.0,0.0,0.0
OQOHIN,1.89027,0.88744,1.65887,1585.69,2.46447,0.0,0.0,0.0,0.0,0.0,0.0,0.0,0.0,0.0,0.0
QIVXIF,1.73654,0.47468,1.33679,1140.79,2.31359,0.0,0.0,0.0,0.0,0.0,0.0,0.0,0.0,0.0,0.0
QACCOO,1.5365,0.78781,1.53407,268.491,1.85742,0.0,0.0,0.0,0.0,0.0,0.0,0.0,0.0,0.0,0.0
QOYGOA,1.82343,0.64552,1.82069,1083.38,1.73681,0.0,0.0,0.0,0.0,0.0,0.0,0.0,0.0,0.0,0.0
PEDZIK,1.71872,1.10584,1.71286,1426.26,1.85009,0.0,0.0,0.0,0.0,0.0,0.0,0.0,0.0,0.0,0.0
TAZZUS,1.54326,1.11931,1.52779,325.614,2.11356,0.0,0.0,0.0,0.0,0.0,0.0,0.0,0.0,0.0,0.0
PAJFIP,1.79527,0.88894,1.69019,1297.25,1.51721,0.0,0.0,0.0,0.0,0.0,0.0,0.0,0.0,0.0,0.0
PUYGEW,2.02958,1.09817,1.89957,1021.67,1.77253,0.0,0.0,0.0,0.0,0.0,0.0,0.0,0.0,0.0,0.0
QACGOT,2.25565,1.27197,2.25232,1413.61,2.00575,0.0,0.0,0.0,0.0,0.0,0.0,0.0,0.0,0.0,0.0
OVACAS,1.48131,0.78037,1.4648,1543.48,1.67166,0.0,0.0,0.0,0.0,0.0,0.0,0.0,0.0,0.0,0.0
RISZEB,2.47811,0.97981,2.43844,1024.89,1.61185,0.0,0.0,0.0,0.0,0.0,0.0,0.0,0.0,0.0,0.0
OQUWOO,2.1969,0.87018,2.19102,1173.44,2.25821,0.0,0.0,0.0,0.0,0.0,0.0,0.0,0.0,0.0,0.0
TELMOO01,1.47067,0.94223,1.47067,634.618,1.69213,0.0,0.0,0.0,0.0,0.0,0.0,0.0,0.0,0.0,0.0
ZENFAC,2.06222,0.98252,2.06222,2379.19,1.83443,0.0,0.0,0.0,0.0,0.0,0.0,0.0,0.0,0.0,0.0
WIRFUY,2.82902,1.00678,2.82902,3860.66,1.6835,0.0,0.0,11.1737,6.6372,0.0,0.0,0.0,14.6705,0.0038,0.0022572
ZZZEJE01,2.34463,1.20823,2.34463,1706.38,1.79223,0.0,0.0,0.0,0.0,0.0,0.0,0.0,0.0,0.0,0.0
XOWTAF,2.17266,0.76171,2.15465,1633.48,1.74192,0.0,0.0,0.0,0.0,0.0,0.0,0.0,0.0,0.0,0.0
TIZKUK,4.37725,2.11994,4.37725,5044.64,1.58174,0.0,0.0,564.926,357.156,0.0,0.0,0.0,656.308,0.1301,0.0822514
VIXKEV,2.04749,1.14714,1.93128,1183.71,1.31471,0.0,0.0,0.0,0.0,0.0,0.0,0.0,0.0,0.0,0.0
UTALOT,4.51156,2.96285,4.51156,4487.46,1.20146,605.07,503.611,0.0,0.0,556.893,0.1241,0.103291,0.0,0.0,0.0
ZZZRZW13,1.64514,0.49663,1.64514,633.021,1.97449,0.0,0.0,0.0,0.0,0.0,0.0,0.0,0.0,0.0,0.0
UXIMOG,0.9474,0.52799,0.9259,1068.22,2.02916,0.0,0.0,0.0,0.0,0.0,0.0,0.0,0.0,0.0,0.0
XIPKEO,2.75323,1.56427,2.69514,5945.79,2.39366,0.0,0.0,4.27974,1.78795,0.0,0.0,0.0,0.0,0.0,0.0
UDOHIH,1.51131,0.69603,1.17423,1340.73,2.83477,0.0,0.0,0.0,0.0,0.0,0.0,0.0,0.0,0.0,0.0
VIXFAL,1.74548,1.22075,1.72836,701.842,1.61074,0.0,0.0,0.0,0.0,0.0,0.0,0.0,0.0,0.0,0.0
XITDEL,1.35657,0.5534,1.33813,719.124,1.7567,0.0,0.0,0.0,0.0,0.0,0.0,0.0,0.0,0.0,0.0
XILFAB,2.93612,1.58884,2.93014,2518.28,2.14171,0.0,0.0,15.0445,7.02455,0.0,0.0,0.0,19.29,0.00766,0.00357658
VECTIH,1.18418,0.5718,1.16951,711.097,2.08453,0.0,0.0,0.0,0.0,0.0,0.0,0.0,0.0,0.0,0.0
VIHNAC,2.45735,0.97639,1.84156,2663.01,2.31917,0.0,0.0,0.0,0.0,0.0,0.0,0.0,0.0,0.0,0.0
YATNEO,2.2598,1.9205,2.2598,778.957,1.61357,0.0,0.0,0.0,0.0,0.0,0.0,0.0,0.0,0.0,0.0
XOGZOK,4.67169,2.60439,4.6697,3131.11,1.51437,0.0,0.0,626.087,413.431,0.0,0.0,0.0,468.227,0.14954,0.0987474
VIQVID,2.39006,1.17022,1.95721,2078.79,1.67873,0.0,0.0,0.0,0.0,0.0,0.0,0.0,0.0,0.0,0.0
VOXKAU,1.59565,0.66096,1.58909,446.195,1.9967,0.0,0.0,0.0,0.0,0.0,0.0,0.0,0.0,0.0,0.0
ZZZRZW05,1.65001,0.48452,1.63891,631.282,1.97993,0.0,0.0,0.0,0.0,0.0,0.0,0.0,0.0,0.0,0.0
UTIXAZ,1.3538,0.87627,1.30987,1966.37,1.89326,0.0,0.0,0.0,0.0,0.0,0.0,0.0,0.0,0.0,0.0
ZZZRZW06,1.6299,0.45942,1.56951,623.956,2.00318,0.0,0.0,0.0,0.0,0.0,0.0,0.0,0.0,0.0,0.0
XAHZAI,1.6059,0.37543,1.59403,630.174,1.98341,0.0,0.0,0.0,0.0,0.0,0.0,0.0,0.0,0.0,0.0
XEWLAN,4.39009,1.69314,4.39009,4460.85,1.18728,0.0,0.0,597.795,503.5,0.0,0.0,0.0,614.705,0.1378,0.116064
TIBWEH,1.91306,1.15086,1.88756,1842.74,1.46452,0.0,0.0,0.0,0.0,0.0,0.0,0.0,0.0,0.0,0.0
XOWSUY,1.49601,0.63585,1.32936,1450.66,2.03932,0.0,0.0,0.0,0.0,0.0,0.0,0.0,0.0,0.0,0.0
VEGPUS,1.77306,1.21939,1.66211,555.808,1.78246,0.0,0.0,0.0,0.0,0.0,0.0,0.0,0.0,0.0,0.0
YODPAL,2.27789,1.0169,2.27789,991.714,1.74322,0.0,0.0,0.0,0.0,0.0,0.0,0.0,0.0,0.0,0.0
UVOQUU,2.02243,1.46062,2.02243,3600.2,1.99831,0.0,0.0,0.0,0.0,0.0,0.0,0.0,0.0,0.0,0.0
TOVYEK,2.73671,1.60992,2.73671,902.458,1.53665,0.0,0.0,9.06363,5.8983,0.0,0.0,0.0,0.0,0.0,0.0
XORWUY,2.76821,1.27936,2.76821,1397.37,1.86949,0.0,0.0,4.96199,2.65419,0.0,0.0,0.0,10.3964,0.00744,0.00397969
YAJZIV,4.25607,1.19931,3.95123,3491.51,2.0538,0.0,0.0,593.798,289.122,0.0,0.0,0.0,491.465,0.14076,0.0685364
ZZZRZW14,1.63133,0.46136,1.56768,623.809,2.00365,0.0,0.0,0.0,0.0,0.0,0.0,0.0,0.0,0.0,0.0
ZZZLZE02,1.24085,0.44395,1.14261,784.852,1.9911,0.0,0.0,0.0,0.0,0.0,0.0,0.0,0.0,0.0,0.0
XUQDAO,2.32782,1.32109,2.21756,3062.96,1.28742,0.0,0.0,0.0,0.0,0.0,0.0,0.0,0.0,0.0,0.0
YOJFUA,1.60479,0.90209,1.57893,1705.71,2.00633,0.0,0.0,0.0,0.0,0.0,0.0,0.0,0.0,0.0,0.0
VOWKIB,1.8671,1.1994,1.8671,387.965,1.78901,0.0,0.0,0.0,0.0,0.0,0.0,0.0,0.0,0.0,0.0
WUHDUY,2.72564,1.35453,2.72564,972.915,1.20333,0.0,0.0,1.9282,1.60238,0.0,0.0,0.0,0.0,0.0,0.0
XUMVIM,1.04521,0.46098,0.98202,594.088,2.7199,0.0,0.0,0.0,0.0,0.0,0.0,0.0,0.0,0.0,0.0
XIHLOR,2.26276,0.9755,2.26276,534.685,1.84003,0.0,0.0,0.0,0.0,0.0,0.0,0.0,0.0,0.0,0.0
VIDYUE,1.74676,0.85176,1.61532,1195.26,1.67435,0.0,0.0,0.0,0.0,0.0,0.0,0.0,0.0,0.0,0.0
WEJNII,1.69285,0.56837,1.27854,1180.87,2.07232,0.0,0.0,0.0,0.0,0.0,0.0,0.0,0.0,0.0,0.0
ZOZQAI,2.67504,0.75133,2.66205,2026.43,1.86723,0.0,0.0,0.0,0.0,0.0,0.0,0.0,0.0,0.0,0.0
ZZZRZW16,1.62018,0.46207,1.62018,622.572,2.00763,0.0,0.0,0.0,0.0,0.0,0.0,0.0,0.0,0.0,0.0
VENFAW,1.91044,1.06959,1.90895,5047.89,1.39371,0.0,0.0,0.0,0.0,0.0,0.0,0.0,0.0,0.0,0.0
UTIXAZ01,1.35896,0.87931,1.32245,1970.13,1.88964,0.0,0.0,0.0,0.0,0.0,0.0,0.0,0.0,0.0,0.0
VUDPOA,2.11182,1.36712,2.11182,3195.95,1.38994,0.0,0.0,0.0,0.0,0.0,0.0,0.0,0.0,0.0,0.0
ZZZEJE02,2.34627,1.16984,2.34627,1707.28,1.79128,0.0,0.0,0.0,0.0,0.0,0.0,0.0,0.0,0.0,0.0
USICOQ,2.62532,1.47288,2.40973,2691.3,1.30956,0.0,0.0,0.0,0.0,0.0,0.0,0.0,0.0,0.0,0.0
URAVIU,1.88323,0.91415,1.80474,2045.73,1.56664,0.0,0.0,0.0,0.0,0.0,0.0,0.0,0.0,0.0,0.0
IJAWIC,2.4439,1.11367,2.4439,398.186,1.61222,0.0,0.0,0.0,0.0,0.0,0.0,0.0,0.0,0.0,0.0
TUZYOD01,1.52064,0.66291,1.37569,652.516,2.18192,0.0,0.0,0.0,0.0,0.0,0.0,0.0,0.0,0.0,0.0
IWIMEH,1.96682,0.88265,1.96682,375.338,1.8876,0.0,0.0,0.0,0.0,0.0,0.0,0.0,0.0,0.0,0.0
DUTCUT01,1.76525,1.41874,1.75679,1500.27,1.79986,0.0,0.0,0.0,0.0,0.0,0.0,0.0,0.0,0.0,0.0
SUQZAH,4.41259,2.20542,4.4107,1669.46,1.21542,0.0,0.0,783.774,644.859,0.0,0.0,0.0,302.673,0.1813,0.149167
RAVXAP,34.86059,34.35684,34.86059,51176.3,0.286138,1088.7,3804.81,0.0,0.0,40333.1,0.78812,2.75433,0.0,0.0,0.0
LOTSUL01,3.67517,2.48395,3.65371,733.475,1.3068,0.0,0.0,1030.24,788.369,0.0,0.0,0.0,218.297,0.29762,0.227747
MOYRUP,2.27764,1.14223,2.2763,604.592,1.95626,0.0,0.0,0.0,0.0,0.0,0.0,0.0,0.0,0.0,0.0
JIFXOM,2.00641,1.25091,1.99016,767.083,1.80457,0.0,0.0,0.0,0.0,0.0,0.0,0.0,0.0,0.0,0.0
DIGTUK,1.4986,0.85892,1.32575,523.243,1.83111,0.0,0.0,0.0,0.0,0.0,0.0,0.0,0.0,0.0,0.0
FOHCAH,2.13298,1.19736,2.11393,682.11,1.52179,0.0,0.0,0.0,0.0,0.0,0.0,0.0,0.0,0.0,0.0
RAVXIX,53.5766,53.2642,53.5766,77838.6,0.22812,790.828,3466.71,0.0,0.0,64503.3,0.82868,3.63264,0.0,0.0,0.0
CUNNUW,2.74739,1.31116,2.72621,785.718,1.84576,0.0,0.0,4.6836,2.53749,0.0,0.0,0.0,10.56,0.01344,0.00728155
NABMUA,5.52213,5.3747,5.52213,1685.86,1.21394,1622.89,1336.88,0.0,0.0,654.89,0.38846,0.32,0.0,0.0,0.0
YAHLIG,2.2021,1.20857,2.09587,995.217,1.75257,0.0,0.0,0.0,0.0,0.0,0.0,0.0,0.0,0.0,0.0
OJIMAY,2.51347,1.7203,2.51334,1207.51,1.78445,0.0,0.0,0.0,0.0,0.0,0.0,0.0,0.0,0.0,0.0
DUTCIH,2.55241,1.08487,1.84594,980.838,1.69597,0.0,0.0,0.0,0.0,0.0,0.0,0.0,0.0,0.0,0.0
DUTCUT,1.72609,1.38101,1.72609,1500.27,1.79986,0.0,0.0,0.0,0.0,0.0,0.0,0.0,0.0,0.0,0.0
BETZUX,5.30166,2.06846,5.15635,5158.38,1.17589,0.0,0.0,1205.95,1025.56,0.0,0.0,0.0,1395.24,0.27048,0.230022
LOTTEW01,3.44444,2.5987,3.43134,2037.49,1.4113,0.0,0.0,763.211,540.785,0.0,0.0,0.0,456.032,0.22382,0.158591
PIHRUU,2.53379,1.86621,2.53379,708.579,1.61583,0.0,0.0,0.0,0.0,0.0,0.0,0.0,0.0,0.0,0.0
PIHROO,2.97745,1.54745,2.82964,740.067,1.70876,0.0,0.0,58.1386,34.0238,0.0,0.0,0.0,39.1199,0.05286,0.0309346
SUQZAH01,4.39459,2.20659,4.39293,1664.54,1.21901,0.0,0.0,783.76,642.946,0.0,0.0,0.0,309.438,0.1859,0.1525
VOGTER,1.93155,1.3408,1.93155,923.53,1.84442,0.0,0.0,0.0,0.0,0.0,0.0,0.0,0.0,0.0,0.0
DUTCIH01,2.49545,1.16993,1.90842,980.797,1.69604,0.0,0.0,0.0,0.0,0.0,0.0,0.0,0.0,0.0,0.0
FARCAC,2.81373,2.09857,2.81373,869.372,1.4625,0.0,0.0,14.7837,10.1086,0.0,0.0,0.0,39.226,0.04512,0.0308513
VAGTAA02,2.69024,1.14577,2.63109,1694.11,1.43738,0.0,0.0,0.299141,0.208115,0.0,0.0,0.0,0.0,0.0,0.0
PIHSAB,1.58683,1.06154,1.41445,569.35,2.01096,0.0,0.0,0.0,0.0,0.0,0.0,0.0,0.0,0.0,0.0
PIHSEF01,2.97916,1.48663,2.93218,1686.71,1.64137,0.0,0.0,67.1183,40.8915,0.0,0.0,0.0,94.287,0.0559,0.0340569
PIHSEF,2.29602,1.0505,2.2761,852.17,2.0711,0.0,0.0,0.0,0.0,0.0,0.0,0.0,0.0,0.0,0.0
LONWIW,2.84737,1.43689,2.60866,5275.34,1.38479,0.0,0.0,3.60088,2.60031,0.0,0.0,0.0,10.7617,0.00204,0.00147315
XIFXUG,1.55285,0.9585,1.54959,567.997,2.01575,0.0,0.0,0.0,0.0,0.0,0.0,0.0,0.0,0.0,0.0
CELJOU,2.82283,1.2534,2.75693,1572.27,1.60438,0.0,0.0,33.3704,20.7996,0.0,0.0,0.0,29.2127,0.01858,0.0115808
HEDDIF,4.93372,1.6698,4.92197,5057.28,1.07325,0.0,0.0,1078.09,1004.52,0.0,0.0,0.0,1298.3,0.25672,0.2392
VAGTAA,2.74044,1.13785,2.72228,1678.47,1.45077,0.0,0.0,6.66479,4.59396,0.0,0.0,0.0,0.0,0.0,0.0
NUXYIQ,3.32767,1.17016,3.31835,2218.77,1.25316,0.0,0.0,95.4539,76.1704,0.0,0.0,0.0,63.2794,0.02852,0.0227584
JIFXIG,2.8591,1.32888,2.78788,1613.31,1.5677,0.0,0.0,47.0247,29.9959,0.0,0.0,0.0,42.8819,0.02658,0.0169547
XOXBAO,1.11947,0.78793,1.11947,1187.68,4.27736,0.0,0.0,0.0,0.0,0.0,0.0,0.0,0.0,0.0,0.0
JIDTEY,2.33662,1.18567,2.33662,2525.49,1.57562,0.0,0.0,0.0,0.0,0.0,0.0,0.0,0.0,0.0,0.0
RUTVUA,3.68613,2.61606,3.66408,739.279,1.29654,0.0,0.0,1047.32,807.778,0.0,0.0,0.0,221.931,0.3002,0.231538
RAVWOC,23.42683,22.7671,23.42683,26611.0,0.432164,1393.46,3224.38,0.0,0.0,17886.3,0.67214,1.55529,0.0,0.0,0.0
RAVXOD,71.64083,71.50163,71.64083,128222.0,0.179111,662.582,3699.27,0.0,0.0,108819.0,0.84868,4.73828,0.0,0.0,0.0
REQVUH,4.859,4.32294,4.85324,7714.36,1.3161,722.787,549.189,0.0,0.0,1180.91,0.15308,0.116314,0.0,0.0,0.0
DORFOG,2.95981,2.32926,2.95262,808.357,1.58097,0.0,0.0,74.0709,46.8515,0.0,0.0,0.0,59.7214,0.07388,0.0467307
KEXYUK,5.2324,3.4529,5.06303,5980.83,1.09709,1849.97,1686.25,0.0,0.0,2040.9,0.34124,0.311041,0.0,0.0,0.0
CEZXOX,2.1285,1.21683,1.95796,2023.92,1.78819,0.0,0.0,0.0,0.0,0.0,0.0,0.0,0.0,0.0,0.0
QIDDEP,4.28131,2.65024,4.26737,1667.59,1.26648,1012.14,799.178,0.0,0.0,390.783,0.23434,0.185033,0.0,0.0,0.0
JEFVOG,1.89786,0.78169,1.89714,1554.4,2.20916,0.0,0.0,0.0,0.0,0.0,0.0,0.0,0.0,0.0,0.0
OVACEW,1.57802,0.9419,1.57802,802.011,1.99259,0.0,0.0,0.0,0.0,0.0,0.0,0.0,0.0,0.0,0.0
IPUJEI,2.57788,1.10535,2.51952,1736.3,1.83326,0.0,0.0,0.0,0.0,0.0,0.0,0.0,0.0,0.0,0.0
MVHIRB10,4.7756,3.26237,4.7756,9086.24,1.14533,1039.32,907.442,0.0,0.0,1835.97,0.20206,0.176421,0.0,0.0,0.0
BARKUB,1.71413,0.84604,1.68979,4621.81,2.05686,0.0,0.0,0.0,0.0,0.0,0.0,0.0,0.0,0.0,0.0
OJIYUE,2.80866,0.9789,2.74906,620.724,1.74238,0.0,0.0,14.2811,8.19631,0.0,0.0,0.0,21.3901,0.03446,0.0197775
ZILNUG,2.13422,1.03837,2.12807,1509.28,2.07256,0.0,0.0,0.0,0.0,0.0,0.0,0.0,0.0,0.0,0.0
GOTZAS,2.51308,1.06104,2.50521,896.446,1.77388,0.0,0.0,0.0,0.0,0.0,0.0,0.0,0.0,0.0,0.0
MUPMIV,2.04908,1.11866,2.04253,2774.06,1.66073,0.0,0.0,0.0,0.0,0.0,0.0,0.0,0.0,0.0,0.0
MEYFUR,1.46541,0.59554,1.3871,2598.87,2.23424,0.0,0.0,0.0,0.0,0.0,0.0,0.0,0.0,0.0,0.0
FAVMUN,2.30278,1.2853,2.27404,1847.63,1.72133,0.0,0.0,0.0,0.0,0.0,0.0,0.0,0.0,0.0,0.0
EJODIS,2.45951,1.36976,2.11793,3648.67,1.51744,0.0,0.0,0.0,0.0,0.0,0.0,0.0,0.0,0.0,0.0
BOTFOG,2.78248,1.40317,2.76327,1956.62,1.44562,0.0,0.0,1.75727,1.21558,0.0,0.0,0.0,10.5266,0.00538,0.00372157
KEHTIB,2.6426,1.33561,2.63744,2851.2,1.85779,0.0,0.0,0.0,0.0,0.0,0.0,0.0,0.0,0.0,0.0
ECOGOS,2.90337,1.37262,2.64969,2186.54,1.19355,0.0,0.0,12.9217,10.8263,0.0,0.0,0.0,24.1394,0.01104,0.00924972
RONLUE,1.45224,0.66407,0.98095,749.233,2.26506,0.0,0.0,0.0,0.0,0.0,0.0,0.0,0.0,0.0,0.0
FAVMOH,2.79277,1.2908,2.56433,1849.45,1.6676,0.0,0.0,4.45702,2.67272,0.0,0.0,0.0,0.0,0.0,0.0
NUMSET,2.11383,1.51506,2.11383,1769.7,1.25709,0.0,0.0,0.0,0.0,0.0,0.0,0.0,0.0,0.0,0.0
ZZZHZC01,1.40484,0.39982,1.37385,1175.43,4.42979,0.0,0.0,0.0,0.0,0.0,0.0,0.0,0.0,0.0,0.0
EVELEZ,2.14557,0.82166,2.14557,1183.58,2.6493,0.0,0.0,0.0,0.0,0.0,0.0,0.0,0.0,0.0,0.0
XAHZEM,1.81983,0.55314,1.80909,663.096,2.34942,0.0,0.0,0.0,0.0,0.0,0.0,0.0,0.0,0.0,0.0
VIYHUJ,1.64397,0.99125,1.55088,506.424,2.51184,0.0,0.0,0.0,0.0,0.0,0.0,0.0,0.0,0.0,0.0
SIQJOU,3.08952,1.51889,3.08952,4136.3,1.37094,0.0,0.0,27.1641,19.8141,0.0,0.0,0.0,63.699,0.0154,0.0112331
VIYJEV,1.54102,0.6758,1.54102,1197.94,2.32351,0.0,0.0,0.0,0.0,0.0,0.0,0.0,0.0,0.0,0.0
PIRQEM,2.53692,1.45655,2.44175,976.486,1.23075,0.0,0.0,0.0,0.0,0.0,0.0,0.0,0.0,0.0,0.0
TIWPAS,2.31912,0.94339,2.31781,794.567,2.23261,0.0,0.0,0.0,0.0,0.0,0.0,0.0,0.0,0.0,0.0
VUKPOH,2.17329,1.03949,1.93562,745.643,1.97856,0.0,0.0,0.0,0.0,0.0,0.0,0.0,0.0,0.0,0.0
SULZOR,1.96506,0.97846,1.95678,1040.53,1.74341,0.0,0.0,0.0,0.0,0.0,0.0,0.0,0.0,0.0,0.0
EGUKAV,4.85989,1.11167,4.85804,2738.07,1.52175,0.0,0.0,625.238,410.867,0.0,0.0,0.0,433.217,0.15822,0.103972
VUKPIB,1.92483,1.01462,1.90844,1462.2,2.01792,0.0,0.0,0.0,0.0,0.0,0.0,0.0,0.0,0.0,0.0
ITOJAF,1.09843,0.44722,1.07675,283.534,3.88692,0.0,0.0,0.0,0.0,0.0,0.0,0.0,0.0,0.0,0.0
PABSAQ,3.74652,2.82927,3.74652,558.535,1.95641,493.378,252.186,0.0,0.0,75.3464,0.1349,0.068953,0.0,0.0,0.0
UFETIJ,3.66865,1.62388,3.50714,6323.85,2.27103,0.0,0.0,255.152,112.351,0.0,0.0,0.0,349.33,0.05524,0.0243238
CEJLUB,2.56031,1.08949,2.52859,541.888,2.25602,0.0,0.0,0.0,0.0,0.0,0.0,0.0,0.0,0.0,0.0
GAYHAS,2.3979,1.38346,2.37321,2558.51,1.65206,0.0,0.0,0.0,0.0,0.0,0.0,0.0,0.0,0.0,0.0
VUKPUN,4.09229,3.6628,4.06763,1266.98,2.78437,976.252,350.618,0.0,0.0,293.078,0.23132,0.0830779,0.0,0.0,0.0
KAHBEC,4.10462,1.16119,4.05635,2688.18,2.49581,0.0,0.0,477.824,191.451,0.0,0.0,0.0,361.775,0.13458,0.0539225
OVUYOW,2.12399,1.08657,2.12103,1896.02,1.70687,0.0,0.0,0.0,0.0,0.0,0.0,0.0,0.0,0.0,0.0
REDMUL,6.71795,5.69897,6.71795,4187.92,1.12369,1393.48,1240.09,0.0,0.0,1393.49,0.33274,0.296113,0.0,0.0,0.0
TATBUO,2.42118,1.02245,2.41829,901.553,2.47565,0.0,0.0,0.0,0.0,0.0,0.0,0.0,0.0,0.0,0.0
PABSEU,3.72207,2.86234,3.72207,551.092,1.98283,451.17,227.539,0.0,0.0,74.0557,0.13438,0.0677718,0.0,0.0,0.0
TIWPAS,2.31912,0.94339,2.31781,794.567,2.23261,0.0,0.0,0.0,0.0,0.0,0.0,0.0,0.0,0.0,0.0
VUKPOH,2.17329,1.03949,1.93562,745.643,1.97856,0.0,0.0,0.0,0.0,0.0,0.0,0.0,0.0,0.0,0.0
SULZOR,1.96506,0.97846,1.95678,1040.53,1.74341,0.0,0.0,0.0,0.0,0.0,0.0,0.0,0.0,0.0,0.0
EGUKAV,4.85989,1.11167,4.85804,2738.07,1.52175,0.0,0.0,625.238,410.867,0.0,0.0,0.0,433.217,0.15822,0.103972
VUKPIB,1.92483,1.01462,1.90844,1462.2,2.01792,0.0,0.0,0.0,0.0,0.0,0.0,0.0,0.0,0.0,0.0
NOZKIW,1.76401,1.18768,1.75807,515.896,2.17394,0.0,0.0,0.0,0.0,0.0,0.0,0.0,0.0,0.0,0.0
GELCOS,1.42265,0.66166,1.40067,665.2,2.77253,0.0,0.0,0.0,0.0,0.0,0.0,0.0,0.0,0.0,0.0
HUNGAA,2.10062,1.00903,2.10062,782.246,1.9564,0.0,0.0,0.0,0.0,0.0,0.0,0.0,0.0,0.0,0.0
BIHMAI,1.9343,1.15539,1.93396,1535.42,2.16062,0.0,0.0,0.0,0.0,0.0,0.0,0.0,0.0,0.0,0.0
FODGOW,2.42996,1.19507,2.10286,2021.44,1.6954,0.0,0.0,0.0,0.0,0.0,0.0,0.0,0.0,0.0,0.0
QEHJOD,1.88786,0.88496,1.34165,1102.49,1.98696,0.0,0.0,0.0,0.0,0.0,0.0,0.0,0.0,0.0,0.0
IWIMOR,1.98153,0.98127,1.8901,763.442,2.0531,0.0,0.0,0.0,0.0,0.0,0.0,0.0,0.0,0.0,0.0
DAYCIQ,1.9017,1.27807,1.88895,1971.11,2.02035,0.0,0.0,0.0,0.0,0.0,0.0,0.0,0.0,0.0,0.0
DUFXOT,2.25231,0.95492,1.72029,1363.33,1.87984,0.0,0.0,0.0,0.0,0.0,0.0,0.0,0.0,0.0,0.0
COQRIJ,1.99384,1.17261,1.97969,1452.79,1.82817,0.0,0.0,0.0,0.0,0.0,0.0,0.0,0.0,0.0,0.0
BEPNOC,2.05056,1.05933,1.67388,1040.79,2.23245,0.0,0.0,0.0,0.0,0.0,0.0,0.0,0.0,0.0,0.0
IKOMIE,2.41384,1.01627,2.39826,2657.15,1.67505,0.0,0.0,0.0,0.0,0.0,0.0,0.0,0.0,0.0,0.0
NIDBIM,2.7265,1.00937,2.6346,902.462,1.71454,0.0,0.0,3.95373,2.30599,0.0,0.0,0.0,0.0,0.0,0.0
GIWZIX,1.81696,1.053,1.80441,971.162,2.04271,0.0,0.0,0.0,0.0,0.0,0.0,0.0,0.0,0.0,0.0
LOFGOF,2.3291,0.7647,2.3291,743.466,2.42762,0.0,0.0,0.0,0.0,0.0,0.0,0.0,0.0,0.0,0.0
BOSGUM,1.42353,0.65792,1.36481,1260.08,2.20231,0.0,0.0,0.0,0.0,0.0,0.0,0.0,0.0,0.0,0.0
NIDCAF,2.61058,1.32983,2.35785,808.168,1.76653,0.0,0.0,0.0,0.0,0.0,0.0,0.0,0.0,0.0,0.0
PIJHEW,3.85396,1.98876,3.85396,651.708,2.62663,0.0,0.0,448.755,170.848,0.0,0.0,0.0,106.385,0.16324,0.062148
NONWIZ,2.11002,1.08123,2.07434,2321.28,2.02754,0.0,0.0,0.0,0.0,0.0,0.0,0.0,0.0,0.0,0.0
DOQMEB,2.97906,1.27596,2.97637,2754.63,1.48079,0.0,0.0,28.279,19.0973,0.0,0.0,0.0,34.7084,0.0126,0.00850899
GEYSOS,3.38223,2.2986,3.1834,1234.68,1.52785,0.0,0.0,179.019,117.17,0.0,0.0,0.0,84.724,0.06862,0.0449128
CUGRUS,2.12537,1.36789,2.12537,510.197,2.00327,0.0,0.0,0.0,0.0,0.0,0.0,0.0,0.0,0.0,0.0
MEYFIF,2.09335,0.95974,2.04444,837.155,2.10041,0.0,0.0,0.0,0.0,0.0,0.0,0.0,0.0,0.0,0.0
OMAREZ,2.48715,0.80669,2.47656,690.009,2.05953,0.0,0.0,0.0,0.0,0.0,0.0,0.0,0.0,0.0,0.0
MEYFIF01,2.26193,0.95095,2.08498,416.155,2.11263,0.0,0.0,0.0,0.0,0.0,0.0,0.0,0.0,0.0,0.0
CUGSIH,1.74851,1.1716,1.60763,1216.36,2.57407,0.0,0.0,0.0,0.0,0.0,0.0,0.0,0.0,0.0,0.0
PONWOH,2.15712,1.58705,2.15712,2096.91,1.87501,0.0,0.0,0.0,0.0,0.0,0.0,0.0,0.0,0.0,0.0
IFIRAT,2.42513,1.95785,2.39906,2857.41,1.45792,0.0,0.0,0.0,0.0,0.0,0.0,0.0,0.0,0.0,0.0
FUHZOX,4.46307,3.72375,4.46307,2483.23,1.71279,618.86,361.316,0.0,0.0,348.497,0.14034,0.0819363,0.0,0.0,0.0
EDIMUZ,2.94568,1.07907,2.94568,956.124,2.05451,0.0,0.0,100.397,48.8665,0.0,0.0,0.0,70.8297,0.07408,0.0360573
CUGSON,1.60229,0.89668,1.59257,595.611,2.62838,0.0,0.0,0.0,0.0,0.0,0.0,0.0,0.0,0.0,0.0
DIGTIY,1.91489,0.89813,1.91489,1286.43,1.9095,0.0,0.0,0.0,0.0,0.0,0.0,0.0,0.0,0.0,0.0
EMIQOG,1.67717,0.79851,1.60057,2626.3,1.83644,0.0,0.0,0.0,0.0,0.0,0.0,0.0,0.0,0.0,0.0
OBIXEE,2.03547,0.98688,1.80676,1312.46,2.07462,0.0,0.0,0.0,0.0,0.0,0.0,0.0,0.0,0.0,0.0
FAXCIT,2.27269,0.80035,2.24704,2665.07,2.12155,0.0,0.0,0.0,0.0,0.0,0.0,0.0,0.0,0.0,0.0
HEGVOG,1.85356,0.89552,1.83091,2420.49,2.79115,0.0,0.0,0.0,0.0,0.0,0.0,0.0,0.0,0.0,0.0
CSSALB01,1.86647,1.32816,1.86647,1506.37,1.7544,0.0,0.0,0.0,0.0,0.0,0.0,0.0,0.0,0.0,0.0
GIJKEP,4.34535,3.55407,4.34535,2410.32,1.60623,583.459,363.248,0.0,0.0,320.911,0.13314,0.0828899,0.0,0.0,0.0
LURYAZ,4.17023,3.31523,3.69042,1717.18,1.42289,1043.73,733.531,0.0,0.0,353.911,0.2061,0.144846,0.0,0.0,0.0
CEDHEZ,2.11618,1.24049,2.11129,1178.59,1.92007,0.0,0.0,0.0,0.0,0.0,0.0,0.0,0.0,0.0,0.0
CEBCET,2.33781,1.25131,2.2984,837.718,1.66461,0.0,0.0,0.0,0.0,0.0,0.0,0.0,0.0,0.0,0.0
CUGSUT,1.64604,1.1137,1.63608,365.424,2.30574,0.0,0.0,0.0,0.0,0.0,0.0,0.0,0.0,0.0,0.0
FAXCOZ,2.17148,0.97988,2.17148,1429.56,1.90425,0.0,0.0,0.0,0.0,0.0,0.0,0.0,0.0,0.0,0.0
INACOS,2.49049,1.32814,2.36152,1436.23,1.75639,0.0,0.0,0.0,0.0,0.0,0.0,0.0,0.0,0.0,0.0
ADAQAA,10.76894,7.5022,10.75927,22763.8,0.701762,2230.0,3177.71,0.0,0.0,15021.4,0.65988,0.940319,0.0,0.0,0.0
ALIPEQ,3.69737,2.83804,3.69333,1642.49,1.68544,1688.21,1001.64,0.0,0.0,668.164,0.4068,0.241361,0.0,0.0,0.0
BIKMEQ01,7.08924,6.14444,7.08806,12245.9,1.04678,1893.28,1808.66,99.8149,95.3541,5359.52,0.43766,0.4181,275.042,0.02246,0.0214562
BIKMEQ,7.05218,6.14844,7.04892,12087.4,1.06051,1919.35,1809.84,79.2682,74.7455,5338.74,0.44168,0.41648,223.374,0.01848,0.0174256
BIKNIV,3.99499,1.72273,2.43182,11902.5,1.51212,0.0,0.0,53.5377,35.4058,0.0,0.0,0.0,149.496,0.01256,0.00830624
BIZLOO,18.15383,4.60978,18.15383,35735.5,0.592936,2476.94,4177.42,0.0,0.0,24886.9,0.69642,1.17453,0.0,0.0,0.0
BIZNOQ,27.72959,25.92869,27.72959,22121.8,0.602853,1447.27,2400.7,6.83577,11.339,15166.7,0.6856,1.13726,37.607,0.0017,0.00281992
BOHWUS,19.47936,17.10153,19.47936,43156.4,0.690478,1153.4,1670.44,56.4734,81.7889,33740.5,0.78182,1.13229,418.617,0.0097,0.0140482
BOHXIH,7.57568,3.35709,7.57568,5710.0,1.59102,2293.29,1441.4,0.0,0.0,2599.99,0.45534,0.286194,0.0,0.0,0.0
BUNKUS,39.11062,37.4764,39.11062,34951.1,0.359043,1399.03,3896.57,0.0,0.0,28805.3,0.82416,2.29544,0.0,0.0,0.0
CECNAC,16.83709,4.44221,16.45251,35760.8,0.871653,1815.47,2082.79,259.751,297.998,18466.9,0.5164,0.592438,2446.75,0.06842,0.0784945
DAQPET01,25.97606,9.56458,25.97606,57061.3,0.598833,1695.96,2832.11,0.0,0.0,45250.7,0.79302,1.32428,0.0,0.0,0.0
DORLAZ,17.77688,8.69754,17.77688,34711.4,0.492393,2101.89,4268.73,0.0,0.0,26259.9,0.75652,1.53641,0.0,0.0,0.0
DUWYEB,15.42219,7.88327,15.42219,26699.8,0.597324,2218.49,3714.05,0.0,0.0,19637.7,0.7355,1.23133,0.0,0.0,0.0
EDOPIZ01,15.93869,8.94325,15.93869,27997.3,0.538261,2167.38,4026.64,0.0,0.0,21074.1,0.75272,1.39843,0.0,0.0,0.0
EDOPIZ02,15.92959,8.93825,15.92959,28088.1,0.53652,2162.63,4030.85,0.0,0.0,21144.2,0.75278,1.40308,0.0,0.0,0.0
EDOPIZ,15.90766,8.93343,15.90766,28246.1,0.5334,2167.75,4064.02,0.0,0.0,21232.6,0.7517,1.40926,0.0,0.0,0.0
ERALOA,13.83108,13.42388,13.83108,8776.36,1.04871,2268.33,2162.97,0.0,0.0,6026.02,0.68662,0.654727,0.0,0.0,0.0
ERALUG,12.69687,11.48808,12.69687,14705.7,0.984722,2253.55,2288.51,0.0,0.0,8734.0,0.59392,0.603135,0.0,0.0,0.0
ERAMUH,15.0811,13.76464,15.0811,9428.65,0.691286,2305.23,3334.7,0.0,0.0,6578.18,0.69768,1.00925,0.0,0.0,0.0
ERANOC,12.61956,7.15384,8.34001,18886.4,0.750777,2588.09,3447.21,0.0,0.0,12289.4,0.6507,0.866702,0.0,0.0,0.0
EWETOR,19.34535,8.73558,19.21549,58145.0,0.556983,2217.11,3980.57,0.0,0.0,44440.2,0.7643,1.37221,0.0,0.0,0.0
EWILIH,7.3181,3.65314,7.3181,8959.64,1.30043,2112.11,1624.16,0.0,0.0,3950.66,0.44094,0.339073,0.0,0.0,0.0
FEVWOV,13.77434,4.98228,7.15842,22352.6,0.868571,2490.79,2867.69,0.0,0.0,13148.7,0.58824,0.67725,0.0,0.0,0.0
FINBUC,24.11976,22.52268,24.1169,22074.7,0.645609,1740.99,2696.67,0.0,0.0,15352.0,0.69546,1.07722,0.0,0.0,0.0
FINLUM,10.39323,8.57503,10.39085,11377.3,0.73191,2048.74,2799.17,0.0,0.0,8698.88,0.76458,1.04464,0.0,0.0,0.0
FINMAT,9.2832,7.85403,9.24968,9379.49,0.825476,2252.72,2728.99,0.0,0.0,6920.94,0.73788,0.893884,0.0,0.0,0.0
FINMIB,8.97917,7.19174,8.5786,9907.92,0.840457,2383.4,2835.83,0.0,0.0,7240.11,0.73074,0.869456,0.0,0.0,0.0
FINMUN,11.65196,10.46259,11.65153,12401.9,0.671443,1918.21,2856.86,0.0,0.0,9663.08,0.77916,1.16043,0.0,0.0,0.0
FIPCAL,15.15954,8.028,15.15954,25161.5,0.658414,2238.2,3399.39,0.0,0.0,18397.1,0.73116,1.11049,0.0,0.0,0.0
FIPCUF,7.44474,4.83648,7.44474,3658.67,1.09808,2468.67,2248.16,0.0,0.0,1952.41,0.53364,0.485974,0.0,0.0,0.0
FIPDEQ,5.92336,3.92627,5.92336,3664.37,1.39518,2782.17,1994.13,0.0,0.0,1852.41,0.50552,0.362333,0.0,0.0,0.0
FIPFES,5.67557,3.92637,5.67557,3737.59,1.36373,2725.96,1998.9,0.0,0.0,1896.38,0.50738,0.372052,0.0,0.0,0.0
GEDXIZ,19.26788,13.04626,19.26788,63195.6,0.646889,1309.35,2024.08,148.53,229.607,38382.5,0.60736,0.938894,1739.14,0.02752,0.0425421
GERBEN,12.17392,7.88216,12.1357,21557.8,0.59667,2172.49,3641.03,0.0,0.0,16122.6,0.74788,1.25342,0.0,0.0,0.0
GINTIJ,12.26536,9.57696,12.26536,20095.8,0.648671,2258.72,3482.07,0.0,0.0,14592.4,0.72614,1.11943,0.0,0.0,0.0
HERJEW,13.42693,12.0111,13.42007,22432.2,0.608974,2115.46,3473.8,0.0,0.0,16357.1,0.72918,1.19739,0.0,0.0,0.0
HICPIV,16.52243,6.67366,16.52243,16207.2,0.541228,2268.0,4190.47,0.0,0.0,12112.6,0.74736,1.38086,0.0,0.0,0.0
ISEMOK,14.48964,7.43988,14.48964,34725.7,0.524386,2260.94,4311.6,0.0,0.0,25765.1,0.74196,1.41491,0.0,0.0,0.0
IZIBUQ,11.4911,10.0818,11.4911,7866.74,0.805628,2079.56,2581.29,0.0,0.0,5156.33,0.65546,0.813601,0.0,0.0,0.0
JAYDIZ,9.28021,3.32369,9.22186,18141.3,1.30618,2376.08,1819.11,0.0,0.0,9682.36,0.53372,0.408612,0.0,0.0,0.0
JOHDIW,21.92934,15.152,21.92934,86817.6,0.479092,1833.67,3827.39,0.0,0.0,66321.7,0.76392,1.59452,0.0,0.0,0.0
JOZWUS,18.60108,8.81956,18.58258,16323.1,0.422333,1892.95,4482.13,0.0,0.0,13043.1,0.79906,1.89201,0.0,0.0,0.0
LICGOW,30.19427,28.66711,30.19427,22122.8,0.457711,1608.26,3513.71,0.0,0.0,17831.4,0.80602,1.76098,0.0,0.0,0.0
LOBDUE,14.4001,13.31904,14.4001,8631.38,0.766296,2216.55,2892.55,0.0,0.0,5696.19,0.65994,0.861208,0.0,0.0,0.0
LOBQOL,14.44644,13.57014,14.44644,8648.05,0.740613,2272.93,3068.99,0.0,0.0,5815.98,0.67252,0.908059,0.0,0.0,0.0
MAFWEY,14.93268,7.78047,14.93268,25217.7,0.589908,2214.36,3753.74,0.0,0.0,18636.9,0.73904,1.25281,0.0,0.0,0.0
MERGEY,25.55134,13.40957,25.55133,56629.7,0.593538,1615.28,2721.45,0.0,0.0,45085.2,0.79614,1.34135,0.0,0.0,0.0
MUBZOA,18.74145,8.32884,18.74145,10751.4,0.441015,2032.43,4608.52,0.0,0.0,8504.81,0.79104,1.79368,0.0,0.0,0.0
NADYUP,26.02325,14.47748,26.02325,57455.7,0.448742,1543.93,3440.57,0.0,0.0,46947.1,0.8171,1.82087,0.0,0.0,0.0
NEJNUO,7.51508,5.83938,7.51508,10013.6,0.92989,2871.07,3087.54,0.0,0.0,5720.38,0.57126,0.614331,0.0,0.0,0.0
NEJPAW,7.47004,5.81912,7.46788,10011.1,0.917342,2849.25,3105.98,0.0,0.0,5822.06,0.58156,0.633962,0.0,0.0,0.0
NEVDEA,16.11464,8.43241,16.08471,11973.2,0.583844,2195.1,3759.73,0.0,0.0,8737.06,0.72972,1.24985,0.0,0.0,0.0
NEVLAE,16.09064,8.72371,15.95987,12013.1,0.581905,2172.24,3732.99,0.0,0.0,8740.94,0.72762,1.25041,0.0,0.0,0.0
NEVSUF01,16.172,8.66734,16.16819,12136.7,0.575978,2205.04,3828.33,0.0,0.0,8854.18,0.72954,1.26661,0.0,0.0,0.0
NEVSUF10,16.07673,8.62951,16.07673,11878.9,0.588479,2181.59,3707.17,0.0,0.0,8638.31,0.7272,1.23573,0.0,0.0,0.0
NEVSUF12,16.00485,8.86825,16.00485,11890.7,0.587893,2174.65,3699.06,0.0,0.0,8626.7,0.7255,1.23407,0.0,0.0,0.0
NIHGAP,13.01963,10.30214,13.01963,20684.9,0.630197,2201.44,3493.26,0.0,0.0,15174.4,0.7336,1.16408,0.0,0.0,0.0
NIHGIX,12.55441,9.64304,12.55441,20223.5,0.671525,2254.02,3356.56,0.0,0.0,14387.4,0.71142,1.05941,0.0,0.0,0.0
NIHHUK,11.75649,8.29218,11.22434,22979.9,0.666797,2425.12,3636.97,0.0,0.0,16188.4,0.70446,1.05648,0.0,0.0,0.0
NIKVAH,6.65437,3.41487,6.36713,7507.78,1.41537,2539.29,1794.08,0.0,0.0,3617.25,0.4818,0.340406,0.0,0.0,0.0
NIXBUU,12.91024,10.99761,12.90931,17812.7,0.893178,2324.62,2602.64,0.0,0.0,10969.1,0.6158,0.689448,0.0,0.0,0.0
NUSXAC,25.94078,14.46165,25.94078,56740.4,0.453315,1567.28,3457.37,0.0,0.0,46379.6,0.8174,1.80316,0.0,0.0,0.0
NUSXEG,26.95672,14.20077,26.49728,57729.1,0.449809,1600.65,3558.52,0.0,0.0,46605.8,0.80732,1.79481,0.0,0.0,0.0
OQUFAJ01,11.48834,10.07274,11.34225,8730.4,0.829344,2319.44,2796.72,0.0,0.0,5857.58,0.67094,0.809001,0.0,0.0,0.0
OQUFAJ02,10.4008,8.96418,10.4008,14704.6,0.984792,2360.1,2396.54,0.0,0.0,8856.61,0.6023,0.611601,0.0,0.0,0.0
OQUFAJ03,14.56536,13.72112,14.56536,8887.59,0.814677,2268.85,2784.97,0.0,0.0,6162.83,0.69342,0.85116,0.0,0.0,0.0
OQUFAJ04,10.98593,10.12671,10.76135,8670.44,0.83508,2240.66,2683.17,0.0,0.0,5814.74,0.67064,0.803085,0.0,0.0,0.0
OQUFAJ,11.44658,10.05595,11.44658,8914.66,0.812203,2315.87,2851.34,0.0,0.0,6028.09,0.6762,0.832551,0.0,0.0,0.0
PAHVUS,9.23034,5.82514,9.23034,19079.8,1.218,2656.68,2181.19,0.0,0.0,11527.6,0.60418,0.496043,0.0,0.0,0.0
PAZDUS,13.6079,6.91665,13.6079,13677.1,0.884875,2190.89,2475.93,0.0,0.0,8740.77,0.63908,0.722226,0.0,0.0,0.0
PENVEM01,18.75933,10.42534,18.75933,38151.6,0.418688,1851.93,4423.16,0.0,0.0,30550.3,0.80076,1.91255,0.0,0.0,0.0
QAJPEZ01,9.99552,4.23961,9.99552,19284.8,0.980173,2260.83,2306.56,0.0,0.0,9463.84,0.49074,0.500667,0.0,0.0,0.0
QAJPEZ,9.94387,4.49848,9.92464,19284.8,0.98,2297.59,2344.48,0.0,0.0,9580.32,0.49678,0.506918,0.0,0.0,0.0
QOKBOJ,13.41749,10.15401,13.41748,24211.0,0.848359,1925.43,2269.59,0.0,0.0,15327.5,0.63308,0.746241,0.0,0.0,0.0
QUHVEW,17.8828,5.62704,17.8828,35063.4,0.598191,2197.65,3673.83,0.0,0.0,23241.4,0.66284,1.10807,0.0,0.0,0.0
QURPAW,8.47032,2.28683,8.47032,17714.7,1.19563,0.0,0.0,1677.38,1402.93,0.0,0.0,0.0,6922.89,0.3908,0.326857
RAZVOG01,13.89134,7.83573,13.89134,25388.1,0.594568,2245.14,3776.08,0.0,0.0,18212.4,0.71736,1.20652,0.0,0.0,0.0
RAZVOG,14.2525,8.03414,14.2525,25388.6,0.596173,2339.74,3924.61,0.0,0.0,18164.5,0.71546,1.20009,0.0,0.0,0.0
RAZVUM,14.45336,8.09957,14.45308,25821.1,0.584661,2226.95,3808.96,0.0,0.0,18866.5,0.73066,1.24972,0.0,0.0,0.0
RODJUS,9.3074,7.21024,9.30739,14040.1,0.847928,2493.74,2940.98,0.0,0.0,9176.05,0.65356,0.770773,0.0,0.0,0.0
RUBLIL,9.12498,7.77623,8.47564,9179.6,0.768751,2776.3,3611.44,0.0,0.0,5961.23,0.6494,0.844747,0.0,0.0,0.0
RUBLUX,8.84834,8.31842,8.78752,17357.7,0.812696,2514.64,3094.2,0.0,0.0,10848.2,0.62498,0.769021,0.0,0.0,0.0
SELKEC,14.93334,13.83558,14.93334,9059.07,0.723119,2271.57,3141.34,0.0,0.0,6239.16,0.68872,0.95243,0.0,0.0,0.0
SELKIG,10.95979,9.37018,10.95979,9495.24,0.748009,2570.49,3436.45,0.0,0.0,6290.6,0.6625,0.885685,0.0,0.0,0.0
SELLED,10.03574,7.80895,10.02972,9261.79,0.787642,2489.41,3160.58,0.0,0.0,6016.46,0.6496,0.82474,0.0,0.0,0.0
SOQSAU01,9.887,4.76966,9.887,17718.3,0.851934,2543.94,2986.07,0.0,0.0,10869.5,0.61346,0.720079,0.0,0.0,0.0
SOQSAU,9.55153,4.97565,9.41337,17680.0,0.85378,2715.3,3180.32,0.0,0.0,11011.5,0.62282,0.729486,0.0,0.0,0.0
SURHEU02,8.70583,3.84456,8.70583,8916.87,1.23655,2351.32,1901.52,0.0,0.0,4492.32,0.5038,0.407423,0.0,0.0,0.0
SURKUN,8.75193,3.87567,8.75193,8943.22,1.23291,2400.22,1946.79,0.0,0.0,4537.79,0.5074,0.411546,0.0,0.0,0.0
TAXGAD,7.59212,6.36398,7.58585,10026.5,0.917077,2762.19,3011.95,0.0,0.0,5982.4,0.59666,0.650611,0.0,0.0,0.0
TETSAP,14.98933,8.26802,14.98933,26367.8,0.572413,2187.77,3822.01,0.0,0.0,19404.1,0.7359,1.28561,0.0,0.0,0.0
TEWMOA,9.55839,7.38962,9.55826,10670.6,0.797851,2329.11,2919.23,0.0,0.0,7796.97,0.7307,0.915835,0.0,0.0,0.0
TEWMUG,11.08435,6.88051,8.34048,16857.9,1.19132,2153.0,1807.25,0.0,0.0,9053.34,0.53704,0.450795,0.0,0.0,0.0
TISPAP,29.1833,28.46225,29.1833,22023.0,0.488736,1650.3,3376.67,0.0,0.0,17270.9,0.78422,1.60459,0.0,0.0,0.0
TOJNEN,5.81846,2.39742,5.81846,3932.19,2.27629,0.0,0.0,1013.26,445.139,0.0,0.0,0.0,1123.82,0.2858,0.125555
UFORIT,29.94534,14.4209,29.94534,70788.4,0.381322,1648.83,4323.99,0.0,0.0,56930.9,0.80424,2.10909,0.0,0.0,0.0
UFOSIU,8.70617,3.84484,8.70617,8926.29,1.24125,2345.64,1889.74,0.0,0.0,4473.14,0.50112,0.403722,0.0,0.0,0.0
UKIBIB,18.78162,10.32446,18.78162,37157.4,0.429891,1845.87,4293.82,0.0,0.0,29813.6,0.80236,1.86643,0.0,0.0,0.0
UWOSIK,22.13683,7.22487,22.13683,22773.5,0.775789,1884.59,2429.26,0.0,0.0,14238.0,0.6252,0.805889,0.0,0.0,0.0
UYAXAV,19.33454,7.46223,18.17341,42922.8,0.560104,2284.46,4078.64,0.0,0.0,31298.4,0.72918,1.30187,0.0,0.0,0.0
VAKMEC,12.21131,6.66423,12.21131,24220.3,0.996179,2099.85,2107.9,0.0,0.0,13072.2,0.53972,0.54179,0.0,0.0,0.0
VIKSEQ,12.95319,5.54535,12.95319,35437.2,0.853105,2353.59,2758.85,0.0,0.0,20929.2,0.5906,0.692295,0.0,0.0,0.0
WEYRIE,19.61696,9.02715,17.98753,17218.7,0.437634,1872.56,4278.83,0.0,0.0,13681.0,0.79454,1.81553,0.0,0.0,0.0
WIZMAV01,13.02886,5.79602,13.02886,19423.7,0.767572,2452.22,3194.78,0.0,0.0,13046.5,0.67168,0.875071,0.0,0.0,0.0
WIZMAV08,12.93894,6.67,12.93894,19302.1,0.728362,2404.04,3300.61,0.0,0.0,13083.7,0.67784,0.930636,0.0,0.0,0.0
WIZMAV10,12.93471,6.66027,12.93471,19277.3,0.7293,2405.39,3298.23,0.0,0.0,13070.4,0.67802,0.929686,0.0,0.0,0.0
WOCKAB,5.12407,3.31365,5.11812,2046.25,1.48148,1517.01,1023.98,0.0,0.0,666.053,0.3255,0.219712,0.0,0.0,0.0
WOKFEK,18.94378,17.09436,18.54714,23789.7,0.377657,1687.64,4468.71,0.0,0.0,19396.7,0.81534,2.15894,0.0,0.0,0.0
XICYIT,6.29861,3.87484,6.09919,7628.0,1.32883,2584.86,1945.22,0.0,0.0,4024.53,0.5276,0.397041,0.0,0.0,0.0
XIJVIY02,17.55103,7.69822,17.52433,35181.2,0.501708,2188.67,4362.44,0.0,0.0,26610.3,0.75638,1.50761,0.0,0.0,0.0
XIJVIY,17.83624,6.94594,17.83624,34639.3,0.509556,2288.75,4491.65,0.0,0.0,25810.4,0.74512,1.46229,0.0,0.0,0.0
XULGIW,15.74473,8.80229,15.74473,27551.5,0.545024,2136.2,3919.47,0.0415985,0.0763241,20496.1,0.74392,1.36493,0.0,0.0,0.0
YESTAU,9.22024,5.26965,9.22024,5509.08,1.32795,2199.39,1656.23,0.0,0.0,2794.87,0.50732,0.382031,0.0,0.0,0.0
YEYCUC,17.82346,5.70058,17.82346,34828.0,0.554947,2547.12,4589.84,0.0,0.0,24646.4,0.70766,1.27518,0.0,0.0,0.0
ZESTID,9.53494,7.89918,9.53494,3493.69,1.0289,1809.59,1758.76,0.0,0.0,1685.28,0.48238,0.468831,0.0,0.0,0.0
ZOHYAZ,7.44234,4.10398,7.40799,5731.7,1.20069,2545.77,2120.27,0.0,0.0,3058.32,0.53358,0.444396,0.0,0.0,0.0